agentAgingDeaths,agentCombatDeaths,agentDeaths,agentDiseaseDeaths,agentLastMoveOptimalityPercentage,agentMeanTimeToLive,agentStarvationDeaths,agentTotalMetabolism,agentWealthBurnRate,agentWealthCollected,agentWealthTotal,agentsBorn,agentsReplaced,carryingCapacity,combatControlGroupToControlGroup,combatControlGroupToExperimentalGroup,combatExperimentalGroupToControlGroup,combatExperimentalGroupToExperimentalGroup,controlAgentAgingDeaths,controlAgentCombatDeaths,controlAgentDeaths,controlAgentDiseaseDeaths,controlAgentLastMoveOptimalityPercentage,controlAgentMeanTimeToLive,controlAgentStarvationDeaths,controlAgentTotalMetabolism,controlAgentWealthBurnRate,controlAgentWealthCollected,controlAgentWealthTotal,controlAgentsBorn,controlAgentsReplaced,controlCarryingCapacity,controlDiseaseEffectiveReproductionRate,controlDiseaseIncidence,controlDiseasePrevalence,controlEnvironmentWealthCreated,controlEnvironmentWealthTotal,controlGiniCoefficient,controlLargestTribe,controlLargestTribeSize,controlMaxWealth,controlMeanAge,controlMeanAgeAtDeath,controlMeanConflictHappiness,controlMeanDeathsPercentage,controlMeanFamilyHappiness,controlMeanHappiness,controlMeanHealthHappiness,controlMeanMetabolism,controlMeanMovement,controlMeanSelfishness,controlMeanSocialHappiness,controlMeanTradePrice,controlMeanVision,controlMeanWealth,controlMeanWealthHappiness,controlMinWealth,controlPopulation,controlRemainingTribes,controlSeed,controlSickAgents,controlSickAgentsPercentage,controlTimestep,controlTradeVolume,disease0AgentAgingDeaths,disease0AgentCombatDeaths,disease0AgentDeaths,disease0AgentDiseaseDeaths,disease0AgentLastMoveOptimalityPercentage,disease0AgentMeanTimeToLive,disease0AgentStarvationDeaths,disease0AgentTotalMetabolism,disease0AgentWealthBurnRate,disease0AgentWealthCollected,disease0AgentWealthTotal,disease0AgentsBorn,disease0AgentsReplaced,disease0CarryingCapacity,disease0DiseaseEffectiveReproductionRate,disease0DiseaseIncidence,disease0DiseasePrevalence,disease0EnvironmentWealthCreated,disease0EnvironmentWealthTotal,disease0GiniCoefficient,disease0LargestTribe,disease0LargestTribeSize,disease0MaxWealth,disease0MeanAge,disease0MeanAgeAtDeath,disease0MeanConflictHappiness,disease0MeanDeathsPercentage,disease0MeanFamilyHappiness,disease0MeanHappiness,disease0MeanHealthHappiness,disease0MeanMetabolism,disease0MeanMovement,disease0MeanSelfishness,disease0MeanSocialHappiness,disease0MeanTradePrice,disease0MeanVision,disease0MeanWealth,disease0MeanWealthHappiness,disease0MinWealth,disease0Population,disease0RemainingTribes,disease0Seed,disease0SickAgents,disease0SickAgentsPercentage,disease0Timestep,disease0TradeVolume,diseaseControlGroupToControlGroup,diseaseControlGroupToExperimentalGroup,diseaseEffectiveReproductionRate,diseaseExperimentalGroupToControlGroup,diseaseExperimentalGroupToExperimentalGroup,diseaseIncidence,diseasePrevalence,environmentWealthCreated,environmentWealthTotal,giniCoefficient,largestTribe,largestTribeSize,lendingControlGroupToControlGroup,lendingControlGroupToExperimentalGroup,lendingExperimentalGroupToControlGroup,lendingExperimentalGroupToExperimentalGroup,maxWealth,meanAge,meanAgeAtDeath,meanConflictHappiness,meanDeathsPercentage,meanFamilyHappiness,meanHappiness,meanHealthHappiness,meanMetabolism,meanMovement,meanSelfishness,meanSocialHappiness,meanTradePrice,meanVision,meanWealth,meanWealthHappiness,minWealth,population,remainingTribes,reproductionControlGroupToControlGroup,reproductionControlGroupToExperimentalGroup,reproductionExperimentalGroupToControlGroup,reproductionExperimentalGroupToExperimentalGroup,seed,sickAgents,sickAgentsPercentage,timestep,tradeControlGroupToControlGroup,tradeControlGroupToExperimentalGroup,tradeExperimentalGroupToControlGroup,tradeExperimentalGroupToExperimentalGroup,tradeVolume
0,0,0,0,100.0,7.93,0,1246,7.93,12442,12442,0,0,250,0,0,0,0,0,0,0,0,100.0,7.93,0,1246,7.93,12442,12442,0,0,250,0,1,1,0,0,0,0,84,78,0.0,0,0.0,0.0,0.0,0.0,0.0,2.49,3.48,-1.0,0.0,0,3.48,49.77,0.0,21,250,3,0,1,0.4,0,0,0,0,0,0,0,0,0,0,0,0,0,0,0,250,0,0,0,0,0,0,0,0,0,0,0,0,0,0,0,0,0,0,0,0,0,0,0,0,0,0,0,0,0,0,0,0,0,0,0,0,0,1,1,0,8576,0.132,0,84,0,0,0,0,78,0.0,0,0.0,0.0,0.0,0.0,0.0,2.49,3.48,-1.0,0.0,0,3.48,49.77,0.0,21,250,3,0,0,0,0,3245051547700293476,1,0.4,0,0,0,0,0,0
0,41,41,1,100.0,8.26,0,1044,8.26,1143.238328838431,10462.96,0,0,248,41,0,0,0,0,41,41,1,100.0,8.26,0,1044,8.26,1143.238328838431,10462.96,0,0,248,1.0,1,1,0,0,0,0,71,80,1.0,0.22,-0.19,19.62,0.0,-0.16,0.99,2.5,3.49,-1.0,-0.93,1.21,3.51,50.06,-0.03,16,209,3,0,1,0.48,0,27,0,0,0,0,0,0,0,0,0,0,0,0,0,248,0,0,0,0,0,0,0,0,0,0,0,0,0,0,0,0,0,0,0,0,0,0,0,0,0,0,0,0,0,0,0,0,0,0,1.0,0,0,1,1,13576,7782,0.139,0,71,0,0,0,0,80,1.0,0.22,-0.19,19.62,0.0,-0.16,0.99,2.5,3.49,-1.0,-0.93,1.21,3.51,50.06,-0.03,16,209,3,0,0,0,0,3245051547700293476,1,0.48,1,30,0,0,0,27
0,21,21,0,100.0,8.49,0,936,8.49,-294.66804320501217,9385.99,0,0,245,21,0,0,0,0,21,21,0,100.0,8.49,0,936,8.49,-294.66804320501217,9385.99,0,0,245,1.0,1,2,0,0,0,1,64,81.79,2.0,1.24,-0.11,11.17,0.0,-0.02,0.98,2.49,3.46,-1.0,-0.85,1.43,3.54,49.93,-0.04,8,188,3,0,2,1.06,0,23,0,0,0,0,0,0,0,0,0,0,0,0,0,245,0,0,0,0,0,0,0,0,0,0,0,0,0,0,0,0,0,0,0,0,0,0,0,0,0,0,0,0,0,0,0,0,0,0,1.0,0,0,1,2,5000,7392,0.147,1,64,0,0,0,0,81.79,2.0,1.24,-0.11,11.17,0.0,-0.02,0.98,2.49,3.46,-1.0,-0.85,1.43,3.54,49.93,-0.04,8,188,3,0,0,0,0,3245051547700293476,2,1.06,2,24,0,0,0,23
0,15,16,1,100.0,8.63,1,849,8.63,-270.53382652280425,8593.94,0,0,242,15,0,0,0,0,15,16,1,100.0,8.63,1,849,8.63,-270.53382652280425,8593.94,0,0,242,1.0,1,2,0,0,0,1,61,83.79,3.0,2.31,-0.09,9.3,0.0,0.08,0.98,2.47,3.38,-1.0,-0.79,1.34,3.59,49.96,-0.02,16.43,172,3,0,2,1.16,0,13,0,0,0,0,0,0,0,0,0,0,0,0,0,242,0,0,0,0,0,0,0,0,0,0,0,0,0,0,0,0,0,0,0,0,0,0,0,0,0,0,0,0,0,0,0,0,0,0,1.0,0,0,1,2,5000,7262,0.154,1,61,0,0,0,0,83.79,3.0,2.31,-0.09,9.3,0.0,0.08,0.98,2.47,3.38,-1.0,-0.79,1.34,3.59,49.96,-0.02,16.43,172,3,0,0,0,0,3245051547700293476,2,1.16,3,14,0,0,0,13
0,12,19,1,100.0,9.06,7,743,9.06,-210.39597762161625,7743.45,0,0,238,12,0,0,0,0,12,19,1,100.0,9.06,7,743,9.06,-210.39597762161625,7743.45,0,0,238,1.0,3,4,0,0,0,1,52,85.79,4.0,3.16,-0.08,12.42,0.0,0.24,0.96,2.43,3.35,-1.0,-0.71,1.38,3.48,50.61,0.07,13,153,3,0,4,2.61,0,17,0,0,0,0,0,0,0,0,0,0,0,0,0,238,0,0,0,0,0,0,0,0,0,0,0,0,0,0,0,0,0,0,0,0,0,0,0,0,0,0,0,0,0,0,0,0,2,0,1.0,0,0,3,4,5000,7259,0.154,1,52,0,0,0,0,85.79,4.0,3.16,-0.08,12.42,0.0,0.24,0.96,2.43,3.35,-1.0,-0.71,1.38,3.48,50.61,0.07,13,153,3,0,0,0,0,3245051547700293476,4,2.61,4,18,0,0,0,17
0,12,14,0,100.0,9.29,2,672,9.29,-163.30257644633622,6987.77,0,0,234,12,0,0,0,0,12,14,0,100.0,9.29,2,672,9.29,-163.30257644633622,6987.77,0,0,234,1.0,1,5,0,0,0,1,52,88.33,5.0,4.21,-0.09,10.07,0.0,0.26,0.93,2.42,3.36,-1.0,-0.65,1.98,3.47,50.27,0.06,8,139,3,0,5,3.6,0,14,0,0,0,0,0,0,0,0,0,0,0,0,0,234,0,0,0,0,0,0,0,0,0,0,0,0,0,0,0,0,0,0,0,0,0,0,0,0,0,0,0,0,0,0,0,0,0,0,1.0,0,0,1,5,5000,7350,0.174,1,52,0,0,0,0,88.33,5.0,4.21,-0.09,10.07,0.0,0.26,0.93,2.42,3.36,-1.0,-0.65,1.98,3.47,50.27,0.06,8,139,3,0,0,0,0,3245051547700293476,5,3.6,5,15,0,0,0,14
0,4,7,2,100.0,9.5,3,637,9.5,-141.4608875470413,6672.4,0,0,229,4,0,0,0,0,4,7,2,100.0,9.5,3,637,9.5,-141.4608875470413,6672.4,0,0,229,1.0,1,3,0,0,0,1,53,92.11,6.0,5.0,-0.03,5.3,0.0,0.41,0.95,2.41,3.39,-1.0,-0.6,1.52,3.55,50.55,0.08,7.43,132,3,0,3,2.27,0,15,0,0,0,0,0,0,0,0,0,0,0,0,0,229,0,0,0,0,0,0,0,0,0,0,0,0,0,0,0,0,0,0,0,0,0,0,0,0,0,0,0,0,0,0,0,0,0,0,1.0,0,0,1,3,5000,7399,0.183,1,53,0,0,0,0,92.11,6.0,5.0,-0.03,5.3,0.0,0.41,0.95,2.41,3.39,-1.0,-0.6,1.52,3.55,50.55,0.08,7.43,132,3,0,0,0,0,3245051547700293476,3,2.27,6,15,0,0,0,15
0,4,10,0,100.0,9.94,6,580,9.94,-139.72329372462173,6246.23,0,0,224,4,0,0,0,0,4,10,0,100.0,9.94,6,580,9.94,-139.72329372462173,6246.23,0,0,224,1.0,1,4,0,0,0,1,53,94.11,7.0,6.2,-0.02,8.2,0.0,0.49,0.93,2.38,3.39,-1.0,-0.52,1.27,3.6,51.2,0.09,6.43,122,3,0,4,3.28,0,11,0,0,0,0,0,0,0,0,0,0,0,0,0,224,0,0,0,0,0,0,0,0,0,0,0,0,0,0,0,0,0,0,0,0,0,0,0,0,0,0,0,0,0,0,0,0,0,0,1.0,0,0,1,4,5000,7444,0.19,1,53,0,0,0,0,94.11,7.0,6.2,-0.02,8.2,0.0,0.49,0.93,2.38,3.39,-1.0,-0.52,1.27,3.6,51.2,0.09,6.43,122,3,0,0,0,0,3245051547700293476,4,3.28,7,11,0,0,0,11
0,2,10,2,100.0,10.25,8,533,10.25,-107.39399077450199,5893.7,0,0,219,2,0,0,0,0,2,10,2,100.0,10.25,8,533,10.25,-107.39399077450199,5893.7,0,0,219,1.0,2,4,0,0,0,1,44,96.33,8.0,7.0,-0.02,8.93,0.0,0.56,0.93,2.38,3.47,-1.0,-0.46,1.04,3.63,52.62,0.11,9.2,112,3,0,4,3.57,0,6,0,0,0,0,0,0,0,0,0,0,0,0,0,219,0,0,0,0,0,0,0,0,0,0,0,0,0,0,0,0,0,0,0,0,0,0,0,0,0,0,0,0,0,0,0,0,1,0,1.0,0,0,2,4,5000,7478,0.189,1,44,0,0,0,0,96.33,8.0,7.0,-0.02,8.93,0.0,0.56,0.93,2.38,3.47,-1.0,-0.46,1.04,3.63,52.62,0.11,9.2,112,3,0,0,0,0,3245051547700293476,4,3.57,8,6,0,0,0,6
0,2,5,0,100.0,10.49,3,505,10.49,-69.0634203196695,5701.62,0,0,214,2,0,0,0,0,2,5,0,100.0,10.49,3,505,10.49,-69.0634203196695,5701.62,0,0,214,1.0,1,3,0,0,0,1,41,99.33,9.0,8.0,-0.02,4.67,0.0,0.58,0.94,2.36,3.48,-1.0,-0.41,1.59,3.64,53.29,0.07,13,107,3,0,3,2.8,0,10,0,0,0,0,0,0,0,0,0,0,0,0,0,214,0,0,0,0,0,0,0,0,0,0,0,0,0,0,0,0,0,0,0,0,0,0,0,0,0,0,0,0,0,0,0,0,0,0,1.0,0,0,1,3,5000,7540,0.199,1,41,0,0,0,0,99.33,9.0,8.0,-0.02,4.67,0.0,0.58,0.94,2.36,3.48,-1.0,-0.41,1.59,3.64,53.29,0.07,13,107,3,0,0,0,0,3245051547700293476,3,2.8,9,10,0,0,0,10
0,4,9,2,100.0,11.2,5,456,11.2,-82.99874988220353,5286.04,0,0,209,4,0,0,0,0,4,9,2,100.0,11.2,5,456,11.2,-82.99874988220353,5286.04,0,0,209,1.0,1,2,0,0,0,1,42,102.33,10.0,9.0,-0.04,9.18,0.0,0.67,0.96,2.33,3.51,-1.0,-0.36,1.03,3.74,53.94,0.12,6.78,98,3,0,2,2.04,0,7,0,0,0,0,0,0,0,0,0,0,0,0,0,209,0,0,0,0,0,0,0,0,0,0,0,0,0,0,0,0,0,0,0,0,0,0,0,0,0,0,0,0,0,0,0,0,0,0,1.0,0,0,1,2,5000,7599,0.218,1,42,0,0,0,0,102.33,10.0,9.0,-0.04,9.18,0.0,0.67,0.96,2.33,3.51,-1.0,-0.36,1.03,3.74,53.94,0.12,6.78,98,3,0,0,0,0,3245051547700293476,2,2.04,10,7,0,0,0,7
0,2,4,0,100.0,11.82,2,438,11.82,-39.626543505146884,5148.64,0,0,204,2,0,0,0,0,2,4,0,100.0,11.82,2,438,11.82,-39.626543505146884,5148.64,0,0,204,1.0,1,3,0,0,0,1,42,105.27,11.0,10.0,-0.02,4.26,0.0,0.75,0.94,2.33,3.53,-1.0,-0.32,1.04,3.73,54.77,0.15,3,94,3,0,3,3.19,0,11,0,0,0,0,0,0,0,0,0,0,0,0,0,204,0,0,0,0,0,0,0,0,0,0,0,0,0,0,0,0,0,0,0,0,0,0,0,0,0,0,0,0,0,0,0,0,0,0,1.0,0,0,1,3,5000,7627,0.231,1,42,0,0,0,0,105.27,11.0,10.0,-0.02,4.26,0.0,0.75,0.94,2.33,3.53,-1.0,-0.32,1.04,3.73,54.77,0.15,3,94,3,0,0,0,0,3245051547700293476,3,3.19,11,11,0,0,0,11
0,2,10,3,100.0,12.99,8,378,12.99,-30.04642130364085,4875.34,0,0,198,2,0,0,0,0,2,10,3,100.0,12.99,8,378,12.99,-30.04642130364085,4875.34,0,0,198,0,0,0,0,0,0,1,38,108.25,12.0,11.0,-0.02,11.9,0.0,0.94,0.98,2.25,3.55,-1.0,-0.23,1.23,3.77,58.04,0.21,4,84,3,0,1,1.19,0,9,0,0,0,0,0,0,0,0,0,0,0,0,0,198,0,0,1,0,0,0,0,0,0,0,0,0,0,0,0,0,0,0,0,0,0,0,0,0,0,0,0,0,0,0,0,0,0,0,1.0,0,0,1,1,5000,7663,0.218,1,38,0,0,0,0,108.25,12.0,11.0,-0.02,11.9,0.0,0.94,0.98,2.25,3.55,-1.0,-0.23,1.23,3.77,58.04,0.21,4,84,3,0,0,0,0,3245051547700293476,1,1.19,12,9,0,0,0,9
0,3,5,0,100.0,13.49,2,352,13.49,13.729093049136182,4714.28,0,0,193,3,0,0,0,0,3,5,0,100.0,13.49,2,352,13.49,13.729093049136182,4714.28,0,0,193,1.0,1,1,0,0,0,1,38,111.25,13.0,12.0,-0.04,6.33,0.0,0.82,0.97,2.23,3.48,-1.0,-0.19,1.14,3.8,59.67,0.07,15,79,3,0,1,1.27,0,12,0,0,0,0,0,0,0,0,0,0,0,0,0,193,0,0,1,0,0,0,0,0,0,0,0,0,0,0,0,0,0,0,0,0,0,0,0,0,0,0,0,0,0,0,0,0,0,0,1.0,0,0,1,2,5000,7715,0.22,1,38,0,0,0,0,111.25,13.0,12.0,-0.04,6.33,0.0,0.82,0.97,2.23,3.48,-1.0,-0.19,1.14,3.8,59.67,0.07,15,79,3,0,0,0,0,3245051547700293476,1,1.27,13,12,0,0,0,12
0,3,4,0,100.0,13.81,1,333,13.82,9.794048380054143,4515.13,0,0,188,3,0,0,0,0,3,4,0,100.0,13.81,1,333,13.82,9.794048380054143,4515.13,0,0,188,1.0,1,2,0,0,0,1,36,114.25,14.0,13.0,-0.04,5.33,0.0,0.77,0.95,2.22,3.45,-1.0,-0.16,1.05,3.75,60.2,0.03,13,75,3,0,2,2.67,0,8,0,0,0,0,0,0,0,0,0,0,0,0,0,188,0,0,1,0,0,0,0,0,0,0,0,0,0,0,0,0,0,0,0,0,0,0,0,0,0,0,0,0,0,0,0,0,0,0,1.0,0,0,1,3,5000,7762,0.238,1,36,0,0,0,0,114.25,14.0,13.0,-0.04,5.33,0.0,0.77,0.95,2.22,3.45,-1.0,-0.16,1.05,3.75,60.2,0.03,13,75,3,0,0,0,0,3245051547700293476,2,2.67,14,8,0,0,0,8
0,0,3,1,100.0,14.54,3,320,14.59,2.5254630388044603,4436.13,0,0,183,0,0,0,0,0,0,3,1,100.0,14.54,3,320,14.59,2.5254630388044603,4436.13,0,0,183,1.0,1,2,0,0,0,1,35,117.25,15.0,14.0,0.0,4.17,0.0,0.92,0.94,2.22,3.44,-1.0,-0.08,1.2,3.76,61.61,0.05,11.03,72,3,0,2,2.78,0,9,0,0,0,0,0,0,0,0,0,0,0,0,0,183,0,0,0,0,0,0,0,0,0,0,0,0,0,0,0,0,0,0,0,0,0,0,0,0,0,0,0,0,0,0,0,0,0,0,1.0,0,0,1,2,5000,7789,0.247,1,35,0,0,0,0,117.25,15.0,14.0,0.0,4.17,0.0,0.92,0.94,2.22,3.44,-1.0,-0.08,1.2,3.76,61.61,0.05,11.03,72,3,0,0,0,0,3245051547700293476,2,2.78,15,9,0,0,0,9
0,0,2,0,100.0,14.98,2,311,15.08,4.658207979464471,4403.4,1,0,178,0,0,0,0,0,0,2,0,100.0,14.98,2,311,15.08,4.658207979464471,4403.4,1,0,178,1.0,1,3,0,0,0,1,35,120.24,15.79,15.0,0.0,2.82,0.01,0.89,0.94,2.19,3.41,-1.0,-0.04,1.46,3.76,62.02,-0.03,9,71,3,0,2,2.82,0,9,0,0,0,0,0,0,0,0,0,0,0,0,0,178,0,0,0,0,0,0,0,0,0,0,0,0,0,0,0,0,0,0,0,0,0,0,0,0,0,0,0,0,0,0,0,0,0,0,1.0,0,0,1,3,5000,7797,0.256,1,35,0,0,0,0,120.24,15.79,15.0,0.0,2.82,0.01,0.89,0.94,2.19,3.41,-1.0,-0.04,1.46,3.76,62.02,-0.03,9,71,3,1,0,0,0,3245051547700293476,2,2.82,16,9,0,0,0,9
0,4,6,1,100.0,15.88,2,279,16.03,-16.934475819399466,4256.12,0,0,173,4,0,0,0,0,4,6,1,100.0,15.88,2,279,16.03,-16.934475819399466,4256.12,0,0,173,1.0,1,2,0,0,0,1,34,123.24,16.77,16.0,-0.06,9.23,0.0,0.89,0.94,2.15,3.45,-1.0,-0.03,1.11,3.8,65.48,0.04,6.03,65,3,0,2,3.08,0,5,0,0,0,0,0,0,0,0,0,0,0,0,0,173,0,0,0,0,0,0,0,0,0,0,0,0,0,0,0,0,0,0,0,0,0,0,0,0,0,0,0,0,0,0,0,0,0,0,1.0,0,0,1,2,5000,7845,0.261,1,34,0,0,0,0,123.24,16.77,16.0,-0.06,9.23,0.0,0.89,0.94,2.15,3.45,-1.0,-0.03,1.11,3.8,65.48,0.04,6.03,65,3,0,0,0,0,3245051547700293476,2,3.08,17,5,0,0,0,5
0,2,5,1,100.0,16.01,3,257,16.22,-3.7086477218768383,4093.16,1,0,168,2,0,0,0,0,2,5,1,100.0,16.01,3,257,16.22,-3.7086477218768383,4093.16,1,0,168,1.0,1,2,0,0,0,1,33,126.24,17.48,17.0,-0.03,8.2,0.02,0.89,0.93,2.11,3.41,-1.0,-0.04,1.01,3.77,67.1,0.01,8,61,3,0,2,3.28,0,6,0,0,0,0,0,0,0,0,0,0,0,0,0,168,0,0,0,0,0,0,0,0,0,0,0,0,0,0,0,0,0,0,0,0,0,0,0,0,0,0,0,0,0,0,0,0,0,0,1.0,0,0,1,2,5000,7866,0.255,1,33,0,0,0,0,126.24,17.48,17.0,-0.03,8.2,0.02,0.89,0.93,2.11,3.41,-1.0,-0.04,1.01,3.77,67.1,0.01,8,61,3,1,0,0,0,3245051547700293476,2,3.28,18,6,0,0,0,6
0,1,3,0,100.0,16.57,2,243,16.86,-21.907862974822336,4076.61,1,0,163,1,0,0,0,0,1,3,0,100.0,16.57,2,243,16.86,-21.907862974822336,4076.61,1,0,163,1.0,2,4,0,0,0,1,31,129.24,18.15,18.0,-0.02,5.08,0.03,0.92,0.86,2.06,3.39,-1.0,0.04,1.1,3.75,69.1,0.0,14.04,59,3,0,4,6.78,0,7,0,0,0,0,0,0,0,0,0,0,0,0,0,163,0,0,0,0,0,0,0,0,0,0,0,0,0,0,0,0,0,0,0,0,0,0,0,0,0,0,0,0,0,0,0,0,1,0,1.0,0,0,2,4,5000,7902,0.241,1,31,0,0,0,0,129.24,18.15,18.0,-0.02,5.08,0.03,0.92,0.86,2.06,3.39,-1.0,0.04,1.1,3.75,69.1,0.0,14.04,59,3,1,0,0,0,3245051547700293476,4,6.78,19,7,0,0,0,7
0,3,3,0,100.0,15.42,0,229,15.87,13.088273305769452,3972.92,0,0,158,3,0,0,0,0,3,3,0,100.0,15.42,0,229,15.87,13.088273305769452,3972.92,0,0,158,1.33,4,8,0,0,0,1,32,132.24,19.11,19.0,-0.05,5.36,0.04,0.75,0.71,2.04,3.41,-1.0,0.09,1.18,3.8,70.95,-0.04,12.62,56,3,0,8,14.29,0,7,0,0,0,0,0,0,0,0,0,0,0,0,0,158,0,0,0,0,0,0,0,0,0,0,0,0,0,0,0,0,0,0,0,0,0,0,0,0,0,0,0,0,0,0,0,0,4,0,1.33,0,0,4,8,5000,7936,0.246,1,32,1,0,0,0,132.24,19.11,19.0,-0.05,5.36,0.04,0.75,0.71,2.04,3.41,-1.0,0.09,1.18,3.8,70.95,-0.04,12.62,56,3,0,0,0,0,3245051547700293476,8,14.29,20,7,0,0,0,7
0,1,2,0,100.0,14.93,1,222,15.54,-21.276683890470267,3851.2,0,0,153,1,0,0,0,0,1,2,0,100.0,14.93,1,222,15.54,-21.276683890470267,3851.2,0,0,153,1.0,3,10,0,0,0,1,32,136,20.07,20.0,-0.02,3.7,0.04,0.72,0.63,2.06,3.33,-1.0,0.16,1.27,3.8,71.32,-0.08,9.62,54,3,0,10,18.52,0,5,0,0,0,0,0,0,0,0,0,0,0,0,0,153,0,0,0,0,0,0,0,0,0,0,0,0,0,0,0,0,0,0,0,0,0,0,0,0,0,0,0,0,0,0,0,0,3,0,1.0,0,0,3,10,5000,7957,0.26,1,32,0,0,0,0,136,20.07,20.0,-0.02,3.7,0.04,0.72,0.63,2.06,3.33,-1.0,0.16,1.27,3.8,71.32,-0.08,9.62,54,3,0,0,0,0,3245051547700293476,10,18.52,21,5,0,0,0,5
0,1,1,0,100.0,14.73,0,219,15.5,-73.1877666007618,3723.2,0,0,148,1,0,0,0,0,1,1,0,100.0,14.73,0,219,15.5,-73.1877666007618,3723.2,0,0,148,1.0,1,11,0,0,0,1,31,140,21.06,21.0,-0.02,1.89,0.02,0.78,0.58,2.07,3.36,-1.0,0.24,1.0,3.79,70.25,-0.05,5.62,53,3,0,11,20.75,0,8,0,0,0,0,0,0,0,0,0,0,0,0,0,148,0,0,0,0,0,0,0,0,0,0,0,0,0,0,0,0,0,0,0,0,0,0,0,0,0,0,0,0,0,0,0,0,2,0,1.0,0,0,1,11,5000,7985,0.286,1,31,1,0,0,0,140,21.06,21.0,-0.02,1.89,0.02,0.78,0.58,2.07,3.36,-1.0,0.24,1.0,3.79,70.25,-0.05,5.62,53,3,0,0,0,0,3245051547700293476,11,20.75,22,8,0,0,0,8
0,2,7,4,100.0,16.17,5,185,17.28,-118.66342900410326,3511.5,0,0,143,2,0,0,0,0,2,7,4,100.0,16.17,5,185,17.28,-118.66342900410326,3511.5,0,0,143,1.0,2,9,0,0,0,1,28,144,21.91,22.0,-0.04,15.22,0.02,1.03,0.61,2.01,3.37,-1.0,0.27,1.14,3.76,76.34,0.17,5.53,46,3,0,9,19.57,0,7,0,0,0,0,0,0,0,0,0,0,0,0,0,143,0,0,0,0,0,0,0,0,0,0,0,0,0,0,0,0,0,0,0,0,0,0,0,0,0,0,0,0,0,0,0,0,3,0,1.0,0,0,2,9,5000,8000,0.255,1,28,0,0,0,0,144,21.91,22.0,-0.04,15.22,0.02,1.03,0.61,2.01,3.37,-1.0,0.27,1.14,3.76,76.34,0.17,5.53,46,3,0,0,0,0,3245051547700293476,9,19.57,23,7,0,0,0,7
0,0,2,1,100.0,16.73,2,175,18.16,-82.38624509446453,3396.28,0,0,139,0,0,0,0,0,0,2,1,100.0,16.73,2,175,18.16,-82.38624509446453,3396.28,0,0,139,1.0,2,9,0,0,0,1,27,148,22.86,23.0,0.0,4.55,0.02,0.79,0.59,1.99,3.36,-1.0,0.31,1.27,3.77,77.19,-0.14,6.95,44,3,0,9,20.45,0,6,0,0,0,0,0,0,0,0,0,0,0,0,0,139,0,0,0,0,0,0,0,0,0,0,0,0,0,0,0,0,0,0,0,0,0,0,0,0,0,0,0,0,0,0,0,0,4,0,1.0,0,0,2,9,5000,8030,0.264,1,27,0,0,0,0,148,22.86,23.0,0.0,4.55,0.02,0.79,0.59,1.99,3.36,-1.0,0.31,1.27,3.77,77.19,-0.14,6.95,44,3,0,0,0,0,3245051547700293476,9,20.45,24,6,0,0,0,6
0,2,3,1,100.0,15.91,1,167,17.27,-263.0373475638622,3170.01,3,0,135,2,0,0,0,0,2,3,1,100.0,15.91,1,167,17.27,-263.0373475638622,3170.01,3,0,135,1.0,1,9,0,0,0,1,27,147.24,22.23,24.0,-0.05,6.82,0.09,0.61,0.59,1.9,3.2,-1.0,0.23,1.5,3.77,72.05,-0.26,8.47,44,3,0,9,20.45,0,3,0,0,0,0,0,0,0,0,0,0,0,0,0,135,0,0,0,0,0,0,0,0,0,0,0,0,0,0,0,0,0,0,0,0,0,0,0,0,0,0,0,0,0,0,0,0,3,0,1.0,0,0,1,9,5000,8061,0.299,1,27,0,0,0,0,147.24,22.23,24.0,-0.05,6.82,0.09,0.61,0.59,1.9,3.2,-1.0,0.23,1.5,3.77,72.05,-0.26,8.47,44,3,3,0,0,0,3245051547700293476,9,20.45,25,3,0,0,0,3
0,0,7,5,100.0,18.16,7,141,19.72,-96.60775848191946,3044.72,0,0,131,0,0,0,0,0,0,7,5,100.0,18.16,7,141,19.72,-96.60775848191946,3044.72,0,0,131,1.0,2,6,0,0,0,1,21,150,23.11,22.86,0.0,18.92,0.11,1.18,0.68,1.91,3.51,-1.0,0.26,1.1,3.62,82.29,0.14,13.07,37,3,0,6,16.22,0,4,0,0,0,0,0,0,0,0,0,0,0,0,0,131,0,0,0,0,0,0,0,0,0,0,0,0,0,0,0,0,0,0,0,0,0,0,0,0,0,0,0,0,0,0,0,0,1,0,1.0,0,0,2,6,5000,8084,0.238,1,21,0,0,0,0,150,23.11,22.86,0.0,18.92,0.11,1.18,0.68,1.91,3.51,-1.0,0.26,1.1,3.62,82.29,0.14,13.07,37,3,0,0,0,0,3245051547700293476,6,16.22,26,4,0,0,0,4
0,1,2,1,100.0,18.04,1,137,19.95,-93.22960845869804,3006.41,1,0,127,1,0,0,0,0,1,2,1,100.0,18.04,1,137,19.95,-93.22960845869804,3006.41,1,0,127,1.0,1,5,0,0,0,1,20,154,23.31,26.0,-0.03,5.56,0.11,0.97,0.78,1.9,3.44,-1.0,0.22,1.0,3.5,83.51,-0.11,11.07,36,3,0,4,11.11,0,3,0,0,0,0,0,0,0,0,0,0,0,0,0,127,0,0,0,0,0,0,0,0,0,0,0,0,0,0,0,0,0,0,0,0,0,0,0,0,0,0,0,0,0,0,0,0,0,0,1.0,0,0,1,5,5000,8121,0.253,1,20,0,0,0,0,154,23.31,26.0,-0.03,5.56,0.11,0.97,0.78,1.9,3.44,-1.0,0.22,1.0,3.5,83.51,-0.11,11.07,36,3,1,0,0,0,3245051547700293476,4,11.11,27,3,0,0,0,3
0,1,2,2,100.0,17.02,1,128,19.02,-4.9856457600563395,2978.62,0,0,123,1,0,0,0,0,1,2,2,100.0,17.02,1,128,19.02,-4.9856457600563395,2978.62,0,0,123,1.25,5,7,0,0,0,1,19,158,24.59,18.5,0.03,5.88,0.12,1.05,0.71,1.88,3.41,-1.0,0.24,1.2,3.35,87.61,-0.04,7.07,34,3,0,6,17.65,0,2,0,0,0,0,0,0,0,0,0,0,0,0,0,123,0,0,0,0,0,0,0,0,0,0,0,0,0,0,0,0,0,0,0,0,0,0,0,0,0,0,0,0,0,0,0,0,5,0,1.25,0,0,5,7,5000,8159,0.233,1,19,0,0,0,0,158,24.59,18.5,0.03,5.88,0.12,1.05,0.71,1.88,3.41,-1.0,0.24,1.2,3.35,87.61,-0.04,7.07,34,3,0,0,0,0,3245051547700293476,6,17.65,28,2,0,0,0,2
0,2,3,0,100.0,16.27,1,118,18.29,-12.725241551298986,2806.24,0,0,119,2,0,0,0,0,2,3,0,100.0,16.27,1,118,18.29,-12.725241551298986,2806.24,0,0,119,1.0,1,8,0,0,0,1,18,162,26.03,20.33,0.0,9.68,0.1,0.9,0.55,1.9,3.48,-1.0,0.25,1.1,3.35,90.52,0.01,5.07,31,3,0,7,22.58,0,3,0,0,0,0,0,0,0,0,0,0,0,0,0,119,0,0,0,0,0,0,0,0,0,0,0,0,0,0,0,0,0,0,0,0,0,0,0,0,0,0,0,0,0,0,0,0,3,0,1.0,0,0,1,8,5000,8191,0.23,1,18,1,0,0,0,162,26.03,20.33,0.0,9.68,0.1,0.9,0.55,1.9,3.48,-1.0,0.25,1.1,3.35,90.52,0.01,5.07,31,3,0,0,0,0,3245051547700293476,7,22.58,29,3,0,0,0,3
0,0,1,0,100.0,16.53,1,110,18.81,-28.609701587449834,2775.18,0,0,115,0,0,0,0,0,0,1,0,100.0,16.53,1,110,18.81,-28.609701587449834,2775.18,0,0,115,1.0,1,8,0,0,0,1,18,166,26.93,29.0,0.0,3.33,0.07,0.94,0.6,1.83,3.43,-1.0,0.26,1.0,3.3,92.51,0.01,30.31,30,3,0,6,20.0,0,2,0,0,0,0,0,0,0,0,0,0,0,0,0,115,0,0,0,0,0,0,0,0,0,0,0,0,0,0,0,0,0,0,0,0,0,0,0,0,0,0,0,0,0,0,0,0,0,0,1.0,0,0,1,8,5000,8211,0.209,1,18,0,0,0,0,166,26.93,29.0,0.0,3.33,0.07,0.94,0.6,1.83,3.43,-1.0,0.26,1.0,3.3,92.51,0.01,30.31,30,3,0,0,0,0,3245051547700293476,6,20.0,30,2,0,0,0,2
0,0,0,0,100.0,16.03,0,110,18.51,-64.0,2711.18,0,0,111,0,0,0,0,0,0,0,0,100.0,16.03,0,110,18.51,-64.0,2711.18,0,0,111,1.0,1,8,0,0,0,1,17,170,27.93,0,0.0,0.0,0.07,0.83,0.6,1.83,3.43,-1.0,0.26,1.0,3.3,90.37,-0.1,10.31,30,3,0,6,20.0,0,1,0,0,0,0,0,0,0,0,0,0,0,0,0,111,0,0,0,0,0,0,0,0,0,0,0,0,0,0,0,0,0,0,0,0,0,0,0,0,0,0,0,0,0,0,0,0,0,0,1.0,0,0,1,8,5000,8235,0.219,1,17,0,0,0,0,170,27.93,0,0.0,0.0,0.07,0.83,0.6,1.83,3.43,-1.0,0.26,1.0,3.3,90.37,-0.1,10.31,30,3,0,0,0,0,3245051547700293476,6,20.0,31,1,0,0,0,1
0,1,2,1,100.0,15.73,1,100,18.66,-84.31080356874403,2549.52,0,0,107,1,0,0,0,0,1,2,1,100.0,15.73,1,100,18.66,-84.31080356874403,2549.52,0,0,107,1.0,1,6,0,0,0,1,16,174,28.71,31.0,-0.04,7.14,0.05,1.02,0.71,1.79,3.36,-1.0,0.29,0,3.25,91.05,-0.0,37.64,28,3,0,4,14.29,0,0,0,0,0,0,0,0,0,0,0,0,0,0,0,107,0,0,0,0,0,0,0,0,0,0,0,0,0,0,0,0,0,0,0,0,0,0,0,0,0,0,0,0,0,0,0,0,0,0,1.0,0,0,1,6,5000,8253,0.217,1,16,0,0,0,0,174,28.71,31.0,-0.04,7.14,0.05,1.02,0.71,1.79,3.36,-1.0,0.29,0,3.25,91.05,-0.0,37.64,28,3,0,0,0,0,3245051547700293476,4,14.29,32,0,0,0,0,0
0,1,2,1,100.0,15.7,1,95,18.51,-143.49829914245726,2365.27,1,0,103,1,0,0,0,0,1,2,1,100.0,15.7,1,95,18.51,-143.49829914245726,2365.27,1,0,103,1.0,1,5,0,0,0,1,17,157.0,29.3,20.5,0.04,7.41,0.09,1.01,0.7,1.76,3.33,-1.0,0.28,1.0,3.22,87.6,-0.1,37.24,27,3,0,4,14.81,0,1,0,0,0,0,0,0,0,0,0,0,0,0,0,103,0,0,0,0,0,0,0,0,0,0,0,0,0,0,0,0,0,0,0,0,0,0,0,0,0,0,0,0,0,0,0,0,0,0,1.0,0,0,1,5,5000,8255,0.233,1,17,0,0,0,0,157.0,29.3,20.5,0.04,7.41,0.09,1.01,0.7,1.76,3.33,-1.0,0.28,1.0,3.22,87.6,-0.1,37.24,27,3,1,0,0,0,3245051547700293476,4,14.81,33,1,0,0,0,1
0,1,2,1,100.0,15.51,1,89,18.84,-53.92064590443719,2201.04,0,0,100,1,0,0,0,0,1,2,1,100.0,15.51,1,89,18.84,-53.92064590443719,2201.04,0,0,100,1.0,1,4,0,0,0,1,16,161.0,30.0,33.0,-0.04,8.0,0.1,1.06,0.76,1.78,3.36,-1.0,0.3,0,3.04,88.04,-0.06,37.64,25,3,0,3,12.0,0,0,0,0,0,0,0,0,0,0,0,0,0,0,0,100,0,0,0,0,0,0,0,0,0,0,0,0,0,0,0,0,0,0,0,0,0,0,0,0,0,0,0,0,0,0,0,0,0,0,1.0,0,0,1,4,5000,8277,0.244,1,16,0,0,0,0,161.0,30.0,33.0,-0.04,8.0,0.1,1.06,0.76,1.78,3.36,-1.0,0.3,0,3.04,88.04,-0.06,37.64,25,3,0,0,0,0,3245051547700293476,3,12.0,34,0,0,0,0,0
0,0,2,2,100.0,16.6,2,79,20.6,-45.675042115734726,2070.67,0,0,97,0,0,0,0,0,0,2,2,100.0,16.6,2,79,20.6,-45.675042115734726,2070.67,0,0,97,0,0,2,0,0,0,1,15,165.0,30.65,34.0,0.0,8.7,0.11,1.08,0.83,1.72,3.3,-1.0,0.25,1.0,3.09,90.03,-0.11,17.04,23,3,0,2,8.7,0,1,0,0,0,0,0,0,0,0,0,0,0,0,0,97,0,0,0,0,0,0,0,0,0,0,0,0,0,0,0,0,0,0,0,0,0,0,0,0,0,0,0,0,0,0,0,0,0,0,0,0,0,0,2,5000,8289,0.261,1,15,0,0,0,0,165.0,30.65,34.0,0.0,8.7,0.11,1.08,0.83,1.72,3.3,-1.0,0.25,1.0,3.09,90.03,-0.11,17.04,23,3,0,0,0,0,3245051547700293476,2,8.7,35,1,0,0,0,1
0,0,1,1,100.0,16.46,1,75,21.02,-27.03682978995959,2043.63,0,0,94,0,0,0,0,0,0,1,1,100.0,16.46,1,75,21.02,-27.03682978995959,2043.63,0,0,94,1.0,1,1,0,0,0,1,14,169.0,31.45,35.0,0.0,4.55,0.09,1.19,0.91,1.7,3.27,-1.0,0.25,1.0,3.18,92.89,-0.07,29.52,22,3,0,1,4.55,0,1,0,0,0,0,0,0,0,0,0,0,0,0,0,94,0,0,0,0,0,0,0,0,0,0,0,0,0,0,0,0,0,0,0,0,0,0,0,0,0,0,0,0,0,0,0,0,0,0,1.0,0,0,1,1,5000,8314,0.248,1,14,0,0,0,0,169.0,31.45,35.0,0.0,4.55,0.09,1.19,0.91,1.7,3.27,-1.0,0.25,1.0,3.18,92.89,-0.07,29.52,22,3,0,0,0,0,3245051547700293476,1,4.55,36,1,0,0,0,1
0,0,0,0,100.0,15.98,0,75,20.89,-15.0,2028.63,0,0,91,0,0,0,0,0,0,0,0,100.0,15.98,0,75,20.89,-15.0,2028.63,0,0,91,1.0,1,2,0,0,0,1,14,173.0,32.45,0,0.0,0.0,0.09,1.0,0.82,1.7,3.27,-1.0,0.26,0,3.18,92.21,-0.18,22.52,22,3,0,2,9.09,0,0,0,0,0,0,0,0,0,0,0,0,0,0,0,91,0,0,0,0,0,0,0,0,0,0,0,0,0,0,0,0,0,0,0,0,0,0,0,0,0,0,0,0,0,0,0,0,0,0,1.0,0,0,1,2,5000,8326,0.264,1,14,0,0,0,0,173.0,32.45,0,0.0,0.0,0.09,1.0,0.82,1.7,3.27,-1.0,0.26,0,3.18,92.21,-0.18,22.52,22,3,0,0,0,0,3245051547700293476,2,9.09,37,0,0,0,0,0
0,0,0,0,100.0,15.74,0,75,20.99,-27.0,2001.63,0,0,88,0,0,0,0,0,0,0,0,100.0,15.74,0,75,20.99,-27.0,2001.63,0,0,88,1.0,1,3,0,0,0,1,14,177.0,33.45,0,0.0,0.0,0.09,0.98,0.73,1.7,3.27,-1.0,0.26,0,3.18,90.98,-0.1,14.52,22,3,0,3,13.64,0,0,0,0,0,0,0,0,0,0,0,0,0,0,0,88,0,0,0,0,0,0,0,0,0,0,0,0,0,0,0,0,0,0,0,0,0,0,0,0,0,0,0,0,0,0,0,0,0,0,1.0,0,0,1,3,5000,8328,0.288,1,14,0,0,0,0,177.0,33.45,0,0.0,0.0,0.09,0.98,0.73,1.7,3.27,-1.0,0.26,0,3.18,90.98,-0.1,14.52,22,3,0,0,0,0,3245051547700293476,3,13.64,38,0,0,0,0,0
0,0,1,1,100.0,16.66,1,74,21.68,-50.32397361886817,1980.31,1,0,85,0,0,0,0,0,0,1,1,100.0,16.66,1,74,21.68,-50.32397361886817,1980.31,1,0,85,0,0,1,0,0,0,1,15,181.0,32.73,38.0,0.0,4.55,0.18,1.18,0.91,1.68,3.18,-1.0,0.19,0,3.14,90.01,-0.09,6.52,22,3,0,1,4.55,0,0,0,0,0,0,0,0,0,0,0,0,0,0,0,85,0,0,0,0,0,0,0,0,0,0,0,0,0,0,0,0,0,0,0,0,0,0,0,0,0,0,0,0,0,0,0,0,0,0,0,0,0,0,1,5000,8321,0.287,1,15,0,0,0,0,181.0,32.73,38.0,0.0,4.55,0.18,1.18,0.91,1.68,3.18,-1.0,0.19,0,3.14,90.01,-0.09,6.52,22,3,1,0,0,0,3245051547700293476,1,4.55,39,0,0,0,0,0
0,0,1,0,100.0,15.22,1,69,17.67,-21.46225283329138,1955.79,0,0,82,0,0,0,0,0,0,1,0,100.0,15.22,1,69,17.67,-21.46225283329138,1955.79,0,0,82,1.0,3,4,0,0,0,1,14,185.0,33.43,39.0,0.0,4.76,0.19,0.98,0.62,1.64,3.19,-1.0,0.22,4.06,3.1,93.13,-0.05,33.44,21,3,0,4,19.05,0,1,0,0,0,0,0,0,0,0,0,0,0,0,0,82,0,0,0,0,0,0,0,0,0,0,0,0,0,0,0,0,0,0,0,0,0,0,0,0,0,0,0,0,0,0,0,0,2,0,1.0,0,0,3,4,5000,8327,0.272,1,14,0,0,0,0,185.0,33.43,39.0,0.0,4.76,0.19,0.98,0.62,1.64,3.19,-1.0,0.22,4.06,3.1,93.13,-0.05,33.44,21,3,0,0,0,0,3245051547700293476,4,19.05,40,1,0,0,0,1
0,0,1,0,100.0,14.55,1,67,17.35,-38.000000000000014,1839.59,0,0,79,0,0,0,0,0,0,1,0,100.0,14.55,1,67,17.35,-38.000000000000014,1839.59,0,0,79,1.0,2,6,0,0,0,1,12,189.0,34.1,40.0,0.0,5.0,0.2,0.92,0.6,1.68,3.25,-1.0,0.22,0,3.1,91.98,-0.1,18.44,20,3,0,5,25.0,0,0,0,0,0,0,0,0,0,0,0,0,0,0,0,79,0,0,0,0,0,0,0,0,0,0,0,0,0,0,0,0,0,0,0,0,0,0,0,0,0,0,0,0,0,0,0,0,2,0,1.0,0,0,2,6,5000,8334,0.295,1,12,1,0,0,0,189.0,34.1,40.0,0.0,5.0,0.2,0.92,0.6,1.68,3.25,-1.0,0.22,0,3.1,91.98,-0.1,18.44,20,3,0,0,0,0,3245051547700293476,5,25.0,41,0,0,0,0,0
0,3,5,2,100.0,17.01,2,49,21.04,-133.03382127850605,1444.18,0,0,76,3,0,0,0,0,3,5,2,100.0,17.01,2,49,21.04,-133.03382127850605,1444.18,0,0,76,1.0,2,6,0,0,0,1,10,193.0,35.6,32.6,-0.2,33.33,0.13,0.73,0.47,1.63,3.53,-1.0,0.27,0,2.93,96.28,0.07,5.89,15,2,0,4,26.67,0,0,0,0,0,0,0,0,0,0,0,0,0,0,0,76,0,0,0,0,0,0,0,0,0,0,0,0,0,0,0,0,0,0,0,0,0,0,0,0,0,0,0,0,0,0,0,0,2,0,1.0,0,0,2,6,5000,8384,0.305,1,10,0,0,0,0,193.0,35.6,32.6,-0.2,33.33,0.13,0.73,0.47,1.63,3.53,-1.0,0.27,0,2.93,96.28,0.07,5.89,15,2,0,0,0,0,3245051547700293476,4,26.67,42,0,0,0,0,0
0,0,2,1,100.0,19.62,2,40,24.62,-71.5642756236716,1354.32,0,0,73,0,0,0,0,0,0,2,1,100.0,19.62,2,40,24.62,-71.5642756236716,1354.32,0,0,73,1.0,1,6,0,0,0,1,8,197.0,35.62,42.0,0.0,15.38,0.0,0.88,0.54,1.54,3.62,-1.0,0.27,1.0,3.23,104.18,0.08,45.5,13,2,0,3,23.08,0,1,0,0,0,0,0,0,0,0,0,0,0,0,0,73,0,0,0,0,0,0,0,0,0,0,0,0,0,0,0,0,0,0,0,0,0,0,0,0,0,0,0,0,0,0,0,0,0,0,1.0,0,0,1,6,5000,8403,0.238,1,8,0,0,0,0,197.0,35.62,42.0,0.0,15.38,0.0,0.88,0.54,1.54,3.62,-1.0,0.27,1.0,3.23,104.18,0.08,45.5,13,2,0,0,0,0,3245051547700293476,3,23.08,43,1,0,0,0,1
0,0,1,1,100.0,21.08,1,37,26.9,-86.07294678601285,1228.36,0,0,70,0,0,0,0,0,0,1,1,100.0,21.08,1,37,26.9,-86.07294678601285,1228.36,0,0,70,1.0,1,4,0,0,0,1,7,201.0,36.0,43.0,0.0,8.33,0.0,0.59,0.67,1.54,3.58,-1.0,0.26,1.0,3.33,102.36,-0.33,45.5,12,2,0,2,16.67,0,1,0,0,0,0,0,0,0,0,0,0,0,0,0,70,0,0,0,0,0,0,0,0,0,0,0,0,0,0,0,0,0,0,0,0,0,0,0,0,0,0,0,0,0,0,0,0,0,0,1.0,0,0,1,4,5000,8416,0.258,1,7,0,0,0,0,201.0,36.0,43.0,0.0,8.33,0.0,0.59,0.67,1.54,3.58,-1.0,0.26,1.0,3.33,102.36,-0.33,45.5,12,2,0,0,0,0,3245051547700293476,2,16.67,44,1,0,0,0,1
0,0,0,0,100.0,20.5,0,37,26.99,-62.0,1166.36,0,0,68,0,0,0,0,0,0,0,0,100.0,20.5,0,37,26.99,-62.0,1166.36,0,0,68,1.0,1,5,0,0,0,1,7,205.0,37.0,0,0.0,0.0,0.0,0.43,0.5,1.54,3.58,-1.0,0.26,0,3.33,97.2,-0.33,39.62,12,2,0,3,25.0,0,0,0,0,0,0,0,0,0,0,0,0,0,0,0,68,0,0,0,0,0,0,0,0,0,0,0,0,0,0,0,0,0,0,0,0,0,0,0,0,0,0,0,0,0,0,0,0,0,0,1.0,0,0,1,5,5000,8428,0.305,1,7,0,0,0,0,205.0,37.0,0,0.0,0.0,0.0,0.43,0.5,1.54,3.58,-1.0,0.26,0,3.33,97.2,-0.33,39.62,12,2,0,0,0,0,3245051547700293476,3,25.0,45,0,0,0,0,0
0,0,2,2,100.0,24.09,2,31,33.13,-91.98818837673838,1085.74,0,0,66,0,0,0,0,0,0,2,2,100.0,24.09,2,31,33.13,-91.98818837673838,1085.74,0,0,66,1.0,1,2,0,0,0,0,5,209.0,36.4,45.0,0.0,20.0,0.0,0.74,0.6,1.55,3.4,-1.0,0.14,1.03,3.0,108.57,-0.0,40.01,10,3,0,2,20.0,0,1,0,0,0,0,0,0,0,0,0,0,0,0,0,66,0,0,0,0,0,0,0,0,0,0,0,0,0,0,0,0,0,0,0,0,0,0,0,0,0,0,0,0,0,0,0,0,0,0,1.0,0,0,1,2,5000,8437,0.293,0,5,0,0,0,0,209.0,36.4,45.0,0.0,20.0,0.0,0.74,0.6,1.55,3.4,-1.0,0.14,1.03,3.0,108.57,-0.0,40.01,10,3,0,0,0,0,3245051547700293476,2,20.0,46,1,0,0,0,1
0,1,1,0,100.0,20.5,0,29,31.49,-18.244188195276195,967.58,0,0,64,1,0,0,0,0,1,1,0,100.0,20.5,0,29,31.49,-18.244188195276195,967.58,0,0,64,1.0,1,2,0,0,0,0,5,213.0,40.56,8.0,-0.11,11.11,-0.0,0.59,0.56,1.61,3.44,-1.0,0.26,0,2.89,107.51,-0.11,24.01,9,2,0,2,22.22,0,0,0,0,0,0,0,0,0,0,0,0,0,0,0,64,0,0,0,0,0,0,0,0,0,0,0,0,0,0,0,0,0,0,0,0,0,0,0,0,0,0,0,0,0,0,0,0,0,0,1.0,0,0,1,2,5000,8464,0.341,0,5,0,0,0,0,213.0,40.56,8.0,-0.11,11.11,-0.0,0.59,0.56,1.61,3.44,-1.0,0.26,0,2.89,107.51,-0.11,24.01,9,2,0,0,0,0,3245051547700293476,2,22.22,47,0,0,0,0,0
0,0,2,1,100.0,25.62,2,21,30.58,-20.271809121293117,896.89,0,0,62,0,0,0,0,0,0,2,1,100.0,25.62,2,21,30.58,-20.271809121293117,896.89,0,0,62,1.0,1,2,0,0,0,1,4,215.0,39.71,47.0,0.0,28.57,-0.14,0.65,0.43,1.5,3.29,-1.0,0.23,0,3.29,128.13,0.14,43.5,7,2,0,2,28.57,0,0,0,0,0,0,0,0,0,0,0,0,0,0,0,62,0,0,0,0,0,0,0,0,0,0,0,0,0,0,0,0,0,0,0,0,0,0,0,0,0,0,0,0,0,0,0,0,0,0,1.0,0,0,1,2,5000,8474,0.273,1,4,0,0,0,0,215.0,39.71,47.0,0.0,28.57,-0.14,0.65,0.43,1.5,3.29,-1.0,0.23,0,3.29,128.13,0.14,43.5,7,2,0,0,0,0,3245051547700293476,2,28.57,48,0,0,0,0,0
0,0,0,0,100.0,23.81,0,21,29.51,-10.0,886.89,0,0,60,0,0,0,0,0,0,0,0,100.0,23.81,0,21,29.51,-10.0,886.89,0,0,60,1.0,1,2,0,0,0,1,4,215.0,40.71,0,0.0,0.0,-0.22,0.29,0.43,1.5,3.29,-1.0,0.23,0,3.29,126.7,-0.14,38.12,7,2,0,2,28.57,0,0,0,0,0,0,0,0,0,0,0,0,0,0,0,60,0,0,0,0,0,0,0,0,0,0,0,0,0,0,0,0,0,0,0,0,0,0,0,0,0,0,0,0,0,0,0,0,0,0,1.0,0,0,1,2,5000,8486,0.294,1,4,0,0,0,0,215.0,40.71,0,0.0,0.0,-0.22,0.29,0.43,1.5,3.29,-1.0,0.23,0,3.29,126.7,-0.14,38.12,7,2,0,0,0,0,3245051547700293476,2,28.57,49,0,0,0,0,0
0,0,1,0,100.0,26.27,1,18,33.92,-7.741407055390091,855.77,0,0,58,0,0,0,0,0,0,1,0,100.0,26.27,1,18,33.92,-7.741407055390091,855.77,0,0,58,0,0,2,0,0,0,1,3,213.0,40.33,49.0,0.0,16.67,-0.25,0.19,0.33,1.5,3.33,-1.0,0.1,0,3.17,142.63,0.01,39.5,6,2,0,2,33.33,0,0,0,0,0,0,0,0,0,0,0,0,0,0,0,58,0,0,0,0,0,0,0,0,0,0,0,0,0,0,0,0,0,0,0,0,0,0,0,0,0,0,0,0,0,0,0,0,0,0,0,0,0,0,2,5000,8491,0.237,1,3,0,0,0,0,213.0,40.33,49.0,0.0,16.67,-0.25,0.19,0.33,1.5,3.33,-1.0,0.1,0,3.17,142.63,0.01,39.5,6,2,0,0,0,0,3245051547700293476,2,33.33,50,0,0,0,0,0
0,0,0,0,100.0,25.71,0,18,34.36,4.0,859.77,0,0,56,0,0,0,0,0,0,0,0,100.0,25.71,0,18,34.36,4.0,859.77,0,0,56,0,0,1,0,0,0,1,3,209.0,41.33,0,0.0,0.0,-0.25,0.51,0.67,1.5,3.33,-1.0,0.1,0,3.17,143.3,0.0,34.5,6,2,0,1,16.67,0,0,0,0,0,0,0,0,0,0,0,0,0,0,0,56,0,0,0,0,0,0,0,0,0,0,0,0,0,0,0,0,0,0,0,0,0,0,0,0,0,0,0,0,0,0,0,0,0,0,0,0,0,0,1,5000,8495,0.237,1,3,0,0,0,0,209.0,41.33,0,0.0,0.0,-0.25,0.51,0.67,1.5,3.33,-1.0,0.1,0,3.17,143.3,0.0,34.5,6,2,0,0,0,0,3245051547700293476,1,16.67,51,0,0,0,0,0
0,0,0,0,100.0,25.19,0,18,34.84,0.0,859.77,0,0,54,0,0,0,0,0,0,0,0,100.0,25.19,0,18,34.84,0.0,859.77,0,0,54,0,0,1,0,0,0,0,3,209.11,42.33,0,0.0,0.0,-0.25,0.51,0.67,1.5,3.33,-1.0,0.1,0,3.17,143.3,0.0,25.5,6,2,0,1,16.67,0,0,0,0,0,0,0,0,0,0,0,0,0,0,0,54,0,0,0,0,0,0,0,0,0,0,0,0,0,0,0,0,0,0,0,0,0,0,0,0,0,0,0,0,0,0,0,0,0,0,0,0,0,0,1,5000,8500,0.243,0,3,0,0,0,0,209.11,42.33,0,0.0,0.0,-0.25,0.51,0.67,1.5,3.33,-1.0,0.1,0,3.17,143.3,0.0,25.5,6,2,0,0,0,0,3245051547700293476,1,16.67,52,0,0,0,0,0
0,0,1,1,100.0,29.72,1,13,42.5,2.0,842.27,0,0,52,0,0,0,0,0,0,1,1,100.0,29.72,1,13,42.5,2.0,842.27,0,0,52,0,0,0,0,0,0,1,3,211.11,46.6,26.0,0.0,20.0,-0.4,1.0,1.0,1.3,3.0,-1.0,0.2,0,3.6,168.45,0.2,112,5,2,0,0,0.0,0,0,0,0,0,0,0,0,0,0,0,0,0,0,0,52,0,0,0,0,0,0,0,0,0,0,0,0,0,0,0,0,0,0,0,0,0,0,0,0,0,0,0,0,0,0,0,0,0,0,0,0,0,0,0,5000,8504,0.126,1,3,0,0,0,0,211.11,46.6,26.0,0.0,20.0,-0.4,1.0,1.0,1.3,3.0,-1.0,0.2,0,3.6,168.45,0.2,112,5,2,0,0,0,0,3245051547700293476,0,0.0,53,0,0,0,0,0
0,0,0,0,100.0,29.24,0,13,43.22,8.0,850.27,0,0,50,0,0,0,0,0,0,0,0,100.0,29.24,0,13,43.22,8.0,850.27,0,0,50,0,0,0,0,0,0,1,3,213.11,47.6,0,0.0,0.0,-0.4,1.0,1.0,1.3,3.0,-1.0,0.2,0,3.6,170.05,0.2,115,5,2,0,0,0.0,0,0,0,0,0,0,0,0,0,0,0,0,0,0,0,50,0,0,0,0,0,0,0,0,0,0,0,0,0,0,0,0,0,0,0,0,0,0,0,0,0,0,0,0,0,0,0,0,0,0,0,0,0,0,0,5000,8510,0.12,1,3,0,0,0,0,213.11,47.6,0,0.0,0.0,-0.4,1.0,1.0,1.3,3.0,-1.0,0.2,0,3.6,170.05,0.2,115,5,2,0,0,0,0,3245051547700293476,0,0.0,54,0,0,0,0,0
0,0,0,0,100.0,28.76,0,13,43.94,8.0,858.27,0,0,48,0,0,0,0,0,0,0,0,100.0,28.76,0,13,43.94,8.0,858.27,0,0,48,0,0,0,0,0,0,1,3,215.11,48.6,0,0.0,0.0,-0.4,1.0,1.0,1.3,3.0,-1.0,0.2,0,3.6,171.65,0.2,118,5,2,0,0,0.0,0,0,0,0,0,0,0,0,0,0,0,0,0,0,0,48,0,0,0,0,0,0,0,0,0,0,0,0,0,0,0,0,0,0,0,0,0,0,0,0,0,0,0,0,0,0,0,0,0,0,0,0,0,0,0,5000,8513,0.115,1,3,0,0,0,0,215.11,48.6,0,0.0,0.0,-0.4,1.0,1.0,1.3,3.0,-1.0,0.2,0,3.6,171.65,0.2,118,5,2,0,0,0,0,3245051547700293476,0,0.0,55,0,0,0,0,0
0,0,0,0,100.0,28.28,0,13,44.76,9.0,867.27,0,0,46,0,0,0,0,0,0,0,0,100.0,28.28,0,13,44.76,9.0,867.27,0,0,46,0,0,0,0,0,0,1,3,218.11,49.6,0,0.0,0.0,-0.4,1.0,1.0,1.3,3.0,-1.0,0.2,0,3.6,173.45,0.2,121,5,2,0,0,0.0,0,0,0,0,0,0,0,0,0,0,0,0,0,0,0,46,0,0,0,0,0,0,0,0,0,0,0,0,0,0,0,0,0,0,0,0,0,0,0,0,0,0,0,0,0,0,0,0,0,0,0,0,0,0,0,5000,8515,0.114,1,3,0,0,0,0,218.11,49.6,0,0.0,0.0,-0.4,1.0,1.0,1.3,3.0,-1.0,0.2,0,3.6,173.45,0.2,121,5,2,0,0,0,0,3245051547700293476,0,0.0,56,0,0,0,0,0
0,0,0,0,100.0,27.8,0,13,45.58,9.0,876.27,0,0,44,0,0,0,0,0,0,0,0,100.0,27.8,0,13,45.58,9.0,876.27,0,0,44,0,0,0,0,0,0,1,3,221.11,50.6,0,0.0,0.0,-0.4,1.0,1.0,1.3,3.0,-1.0,0.2,0,3.6,175.25,0.2,124,5,2,0,0,0.0,0,0,0,0,0,0,0,0,0,0,0,0,0,0,0,44,0,0,0,0,0,0,0,0,0,0,0,0,0,0,0,0,0,0,0,0,0,0,0,0,0,0,0,0,0,0,0,0,0,0,0,0,0,0,0,5000,8515,0.113,1,3,0,0,0,0,221.11,50.6,0,0.0,0.0,-0.4,1.0,1.0,1.3,3.0,-1.0,0.2,0,3.6,175.25,0.2,124,5,2,0,0,0,0,3245051547700293476,0,0.0,57,0,0,0,0,0
0,0,0,0,100.0,27.32,0,13,46.4,9.0,885.27,0,0,43,0,0,0,0,0,0,0,0,100.0,27.32,0,13,46.4,9.0,885.27,0,0,43,0,0,0,0,0,0,1,3,224.11,51.6,0,0.0,0.0,-0.4,1.0,1.0,1.3,3.0,-1.0,0.2,0,3.6,177.05,0.2,127,5,2,0,0,0.0,0,0,0,0,0,0,0,0,0,0,0,0,0,0,0,43,0,0,0,0,0,0,0,0,0,0,0,0,0,0,0,0,0,0,0,0,0,0,0,0,0,0,0,0,0,0,0,0,0,0,0,0,0,0,0,5000,8514,0.112,1,3,0,0,0,0,224.11,51.6,0,0.0,0.0,-0.4,1.0,1.0,1.3,3.0,-1.0,0.2,0,3.6,177.05,0.2,127,5,2,0,0,0,0,3245051547700293476,0,0.0,58,0,0,0,0,0
0,0,0,0,100.0,26.74,0,13,47.22,8.0,893.27,0,0,42,0,0,0,0,0,0,0,0,100.0,26.74,0,13,47.22,8.0,893.27,0,0,42,0,0,0,0,0,0,1,3,227.11,52.6,0,0.0,0.0,-0.4,0.79,1.0,1.3,3.0,-1.0,0.2,0,3.6,178.65,-0.01,130,5,2,0,0,0.0,0,0,0,0,0,0,0,0,0,0,0,0,0,0,0,42,0,0,0,0,0,0,0,0,0,0,0,0,0,0,0,0,0,0,0,0,0,0,0,0,0,0,0,0,0,0,0,0,0,0,0,0,0,0,0,5000,8515,0.111,1,3,0,0,0,0,227.11,52.6,0,0.0,0.0,-0.4,0.79,1.0,1.3,3.0,-1.0,0.2,0,3.6,178.65,-0.01,130,5,2,0,0,0,0,3245051547700293476,0,0.0,59,0,0,0,0,0
0,0,0,0,100.0,25.86,0,13,47.87,8.0,901.27,0,0,41,0,0,0,0,0,0,0,0,100.0,25.86,0,13,47.87,8.0,901.27,0,0,41,0,0,0,0,0,0,1,3,230.11,53.6,0,0.0,0.0,-0.4,0.6,1.0,1.3,3.0,-1.0,0.2,0,3.6,180.25,-0.2,133,5,2,0,0,0.0,0,0,0,0,0,0,0,0,0,0,0,0,0,0,0,41,0,0,0,0,0,0,0,0,0,0,0,0,0,0,0,0,0,0,0,0,0,0,0,0,0,0,0,0,0,0,0,0,0,0,0,0,0,0,0,5000,8516,0.11,1,3,0,0,0,0,230.11,53.6,0,0.0,0.0,-0.4,0.6,1.0,1.3,3.0,-1.0,0.2,0,3.6,180.25,-0.2,133,5,2,0,0,0,0,3245051547700293476,0,0.0,60,0,0,0,0,0
0,0,0,0,100.0,24.98,0,13,48.49,8.0,909.27,0,0,40,0,0,0,0,0,0,0,0,100.0,24.98,0,13,48.49,8.0,909.27,0,0,40,0,0,0,0,0,0,1,3,233.11,54.6,0,0.0,0.0,-0.4,0.6,1.0,1.3,3.0,-1.0,0.2,0,3.6,181.85,-0.2,136,5,2,0,0,0.0,0,0,0,0,0,0,0,0,0,0,0,0,0,0,0,40,0,0,0,0,0,0,0,0,0,0,0,0,0,0,0,0,0,0,0,0,0,0,0,0,0,0,0,0,0,0,0,0,0,0,0,0,0,0,0,5000,8517,0.109,1,3,0,0,0,0,233.11,54.6,0,0.0,0.0,-0.4,0.6,1.0,1.3,3.0,-1.0,0.2,0,3.6,181.85,-0.2,136,5,2,0,0,0,0,3245051547700293476,0,0.0,61,0,0,0,0,0
0,0,0,0,100.0,24.1,0,13,49.11,8.0,917.27,0,0,39,0,0,0,0,0,0,0,0,100.0,24.1,0,13,49.11,8.0,917.27,0,0,39,0,0,0,0,0,0,1,3,236.11,55.6,0,0.0,0.0,-0.4,0.6,1.0,1.3,3.0,-1.0,0.2,0,3.6,183.45,-0.2,139,5,2,0,0,0.0,0,0,0,0,0,0,0,0,0,0,0,0,0,0,0,39,0,0,0,0,0,0,0,0,0,0,0,0,0,0,0,0,0,0,0,0,0,0,0,0,0,0,0,0,0,0,0,0,0,0,0,0,0,0,0,5000,8517,0.108,1,3,0,0,0,0,236.11,55.6,0,0.0,0.0,-0.4,0.6,1.0,1.3,3.0,-1.0,0.2,0,3.6,183.45,-0.2,139,5,2,0,0,0,0,3245051547700293476,0,0.0,62,0,0,0,0,0
0,0,0,0,100.0,23.22,0,13,49.93,9.0,926.27,0,0,38,0,0,0,0,0,0,0,0,100.0,23.22,0,13,49.93,9.0,926.27,0,0,38,0,0,0,0,0,0,1,3,239.11,56.6,0,0.0,0.0,-0.4,0.6,1.0,1.3,3.0,-1.0,0.2,0,3.6,185.25,-0.2,142,5,2,0,0,0.0,0,0,0,0,0,0,0,0,0,0,0,0,0,0,0,38,0,0,0,0,0,0,0,0,0,0,0,0,0,0,0,0,0,0,0,0,0,0,0,0,0,0,0,0,0,0,0,0,0,0,0,0,0,0,0,5000,8516,0.109,1,3,0,0,0,0,239.11,56.6,0,0.0,0.0,-0.4,0.6,1.0,1.3,3.0,-1.0,0.2,0,3.6,185.25,-0.2,142,5,2,0,0,0,0,3245051547700293476,0,0.0,63,0,0,0,0,0
0,0,0,0,100.0,22.34,0,13,50.75,9.0,935.27,0,0,37,0,0,0,0,0,0,0,0,100.0,22.34,0,13,50.75,9.0,935.27,0,0,37,0,0,0,0,0,0,1,3,242.11,57.6,0,0.0,0.0,-0.4,0.6,1.0,1.3,3.0,-1.0,0.2,0,3.6,187.05,-0.2,145,5,2,0,0,0.0,0,0,0,0,0,0,0,0,0,0,0,0,0,0,0,37,0,0,0,0,0,0,0,0,0,0,0,0,0,0,0,0,0,0,0,0,0,0,0,0,0,0,0,0,0,0,0,0,0,0,0,0,0,0,0,5000,8515,0.112,1,3,0,0,0,0,242.11,57.6,0,0.0,0.0,-0.4,0.6,1.0,1.3,3.0,-1.0,0.2,0,3.6,187.05,-0.2,145,5,2,0,0,0,0,3245051547700293476,0,0.0,64,0,0,0,0,0
0,0,0,0,100.0,21.46,0,13,51.57,8.0,943.27,0,0,36,0,0,0,0,0,0,0,0,100.0,21.46,0,13,51.57,8.0,943.27,0,0,36,0,0,0,0,0,0,1,3,245.11,58.6,0,0.0,0.0,-0.4,0.6,1.0,1.3,3.0,-1.0,0.2,0,3.6,188.65,-0.2,148,5,2,0,0,0.0,0,0,0,0,0,0,0,0,0,0,0,0,0,0,0,36,0,0,0,0,0,0,0,0,0,0,0,0,0,0,0,0,0,0,0,0,0,0,0,0,0,0,0,0,0,0,0,0,0,0,0,0,0,0,0,5000,8515,0.114,1,3,0,0,0,0,245.11,58.6,0,0.0,0.0,-0.4,0.6,1.0,1.3,3.0,-1.0,0.2,0,3.6,188.65,-0.2,148,5,2,0,0,0,0,3245051547700293476,0,0.0,65,0,0,0,0,0
0,0,0,0,100.0,20.58,0,13,52.39,8.0,951.27,0,0,35,0,0,0,0,0,0,0,0,100.0,20.58,0,13,52.39,8.0,951.27,0,0,35,0,0,0,0,0,0,1,3,248.11,59.6,0,0.0,0.0,-0.4,0.6,1.0,1.3,3.0,-1.0,0.2,0,3.6,190.25,-0.2,149.0,5,2,0,0,0.0,0,0,0,0,0,0,0,0,0,0,0,0,0,0,0,35,0,0,0,0,0,0,0,0,0,0,0,0,0,0,0,0,0,0,0,0,0,0,0,0,0,0,0,0,0,0,0,0,0,0,0,0,0,0,0,5000,8516,0.116,1,3,0,0,0,0,248.11,59.6,0,0.0,0.0,-0.4,0.6,1.0,1.3,3.0,-1.0,0.2,0,3.6,190.25,-0.2,149.0,5,2,0,0,0,0,3245051547700293476,0,0.0,66,0,0,0,0,0
1,0,1,0,100.0,24.62,0,10,53.47,8.0,782.94,0,0,34,0,0,0,0,1,0,1,0,100.0,24.62,0,10,53.47,8.0,782.94,0,0,34,0,0,0,0,0,0,1,3,251.11,59.0,67.0,0.0,25.0,-0.25,1.04,1.0,1.25,2.5,-1.0,0.29,0,4.0,195.74,0.0,145.0,4,2,0,0,0.0,0,0,0,0,0,0,0,0,0,0,0,0,0,0,0,34,0,0,0,0,0,0,0,0,0,0,0,0,0,0,0,0,0,0,0,0,0,0,0,0,0,0,0,0,0,0,0,0,0,0,0,0,0,0,0,5000,8517,0.127,1,3,0,0,0,0,251.11,59.0,67.0,0.0,25.0,-0.25,1.04,1.0,1.25,2.5,-1.0,0.29,0,4.0,195.74,0.0,145.0,4,2,0,0,0,0,3245051547700293476,0,0.0,67,0,0,0,0,0
0,0,0,0,100.0,23.77,0,10,54.0,5.0,787.94,0,0,33,0,0,0,0,0,0,0,0,100.0,23.77,0,10,54.0,5.0,787.94,0,0,33,0,0,0,0,0,0,1,3,254.11,60.0,0,0.0,0.0,-0.25,1.04,1.0,1.25,2.5,-1.0,0.29,0,4.0,196.99,0.0,141.0,4,2,0,0,0.0,0,0,0,0,0,0,0,0,0,0,0,0,0,0,0,33,0,0,0,0,0,0,0,0,0,0,0,0,0,0,0,0,0,0,0,0,0,0,0,0,0,0,0,0,0,0,0,0,0,0,0,0,0,0,0,5000,8523,0.133,1,3,0,0,0,0,254.11,60.0,0,0.0,0.0,-0.25,1.04,1.0,1.25,2.5,-1.0,0.29,0,4.0,196.99,0.0,141.0,4,2,0,0,0,0,3245051547700293476,0,0.0,68,0,0,0,0,0
0,0,0,0,100.0,22.93,0,10,54.52,6.000000000000028,793.94,0,0,32,0,0,0,0,0,0,0,0,100.0,22.93,0,10,54.52,6.000000000000028,793.94,0,0,32,0,0,0,0,0,0,1,3,257.11,61.0,0,0.0,0.0,-0.25,1.04,1.0,1.25,2.5,-1.0,0.29,0,4.0,198.49,0.0,137.0,4,2,0,0,0.0,0,0,0,0,0,0,0,0,0,0,0,0,0,0,0,32,0,0,0,0,0,0,0,0,0,0,0,0,0,0,0,0,0,0,0,0,0,0,0,0,0,0,0,0,0,0,0,0,0,0,0,0,0,0,0,5000,8526,0.139,1,3,0,0,0,0,257.11,61.0,0,0.0,0.0,-0.25,1.04,1.0,1.25,2.5,-1.0,0.29,0,4.0,198.49,0.0,137.0,4,2,0,0,0,0,3245051547700293476,0,0.0,69,0,0,0,0,0
0,0,0,0,100.0,22.0,0,10,55.05,6.0,799.94,0,0,31,0,0,0,0,0,0,0,0,100.0,22.0,0,10,55.05,6.0,799.94,0,0,31,0,0,0,0,0,0,1,3,260.11,62.0,0,0.0,0.0,-0.25,1.04,1.0,1.25,2.5,-1.0,0.29,0,4.0,199.99,0.0,133.0,4,2,0,0,0.0,0,0,0,0,0,0,0,0,0,0,0,0,0,0,0,31,0,0,0,0,0,0,0,0,0,0,0,0,0,0,0,0,0,0,0,0,0,0,0,0,0,0,0,0,0,0,0,0,0,0,0,0,0,0,0,5000,8527,0.144,1,3,0,0,0,0,260.11,62.0,0,0.0,0.0,-0.25,1.04,1.0,1.25,2.5,-1.0,0.29,0,4.0,199.99,0.0,133.0,4,2,0,0,0,0,3245051547700293476,0,0.0,70,0,0,0,0,0
0,0,0,0,100.0,21.0,0,10,55.57,5.0,804.94,0,0,30,0,0,0,0,0,0,0,0,100.0,21.0,0,10,55.57,5.0,804.94,0,0,30,0,0,0,0,0,0,1,3,263.11,63.0,0,0.0,0.0,-0.25,1.04,1.0,1.25,2.5,-1.0,0.29,0,4.0,201.24,0.0,129.0,4,2,0,0,0.0,0,0,0,0,0,0,0,0,0,0,0,0,0,0,0,30,0,0,0,0,0,0,0,0,0,0,0,0,0,0,0,0,0,0,0,0,0,0,0,0,0,0,0,0,0,0,0,0,0,0,0,0,0,0,0,5000,8528,0.15,1,3,0,0,0,0,263.11,63.0,0,0.0,0.0,-0.25,1.04,1.0,1.25,2.5,-1.0,0.29,0,4.0,201.24,0.0,129.0,4,2,0,0,0,0,3245051547700293476,0,0.0,71,0,0,0,0,0
0,0,0,0,100.0,20.0,0,10,56.1,5.0,809.94,0,0,29,0,0,0,0,0,0,0,0,100.0,20.0,0,10,56.1,5.0,809.94,0,0,29,0,0,0,0,0,0,1,3,266.11,64.0,0,0.0,0.0,-0.25,1.04,1.0,1.25,2.5,-1.0,0.29,0,4.0,202.49,0.0,125.0,4,2,0,0,0.0,0,0,0,0,0,0,0,0,0,0,0,0,0,0,0,29,0,0,0,0,0,0,0,0,0,0,0,0,0,0,0,0,0,0,0,0,0,0,0,0,0,0,0,0,0,0,0,0,0,0,0,0,0,0,0,5000,8528,0.156,1,3,0,0,0,0,266.11,64.0,0,0.0,0.0,-0.25,1.04,1.0,1.25,2.5,-1.0,0.29,0,4.0,202.49,0.0,125.0,4,2,0,0,0,0,3245051547700293476,0,0.0,72,0,0,0,0,0
0,0,0,0,100.0,19.0,0,10,56.62,6.0,815.94,0,0,28,0,0,0,0,0,0,0,0,100.0,19.0,0,10,56.62,6.0,815.94,0,0,28,0,0,0,0,0,0,1,3,269.11,65.0,0,0.0,0.0,-0.25,1.04,1.0,1.25,2.5,-1.0,0.29,0,4.0,203.99,0.0,121.0,4,2,0,0,0.0,0,0,0,0,0,0,0,0,0,0,0,0,0,0,0,28,0,0,0,0,0,0,0,0,0,0,0,0,0,0,0,0,0,0,0,0,0,0,0,0,0,0,0,0,0,0,0,0,0,0,0,0,0,0,0,5000,8528,0.161,1,3,0,0,0,0,269.11,65.0,0,0.0,0.0,-0.25,1.04,1.0,1.25,2.5,-1.0,0.29,0,4.0,203.99,0.0,121.0,4,2,0,0,0,0,3245051547700293476,0,0.0,73,0,0,0,0,0
0,0,0,0,100.0,18.0,0,10,57.15,6.0,821.94,0,0,27,0,0,0,0,0,0,0,0,100.0,18.0,0,10,57.15,6.0,821.94,0,0,27,0,0,0,0,0,0,1,3,272.11,66.0,0,0.0,0.0,-0.25,1.04,1.0,1.25,2.5,-1.0,0.29,0,4.0,205.49,0.0,117.0,4,2,0,0,0.0,0,0,0,0,0,0,0,0,0,0,0,0,0,0,0,27,0,0,0,0,0,0,0,0,0,0,0,0,0,0,0,0,0,0,0,0,0,0,0,0,0,0,0,0,0,0,0,0,0,0,0,0,0,0,0,5000,8528,0.167,1,3,0,0,0,0,272.11,66.0,0,0.0,0.0,-0.25,1.04,1.0,1.25,2.5,-1.0,0.29,0,4.0,205.49,0.0,117.0,4,2,0,0,0,0,3245051547700293476,0,0.0,74,0,0,0,0,0
0,0,0,0,100.0,17.0,0,10,57.67,5.0,826.94,0,0,26,0,0,0,0,0,0,0,0,100.0,17.0,0,10,57.67,5.0,826.94,0,0,26,0,0,0,0,0,0,1,3,275.11,67.0,0,0.0,0.0,-0.25,1.04,1.0,1.25,2.5,-1.0,0.29,0,4.0,206.74,0.0,113.0,4,2,0,0,0.0,0,0,0,0,0,0,0,0,0,0,0,0,0,0,0,26,0,0,0,0,0,0,0,0,0,0,0,0,0,0,0,0,0,0,0,0,0,0,0,0,0,0,0,0,0,0,0,0,0,0,0,0,0,0,0,5000,8528,0.172,1,3,0,0,0,0,275.11,67.0,0,0.0,0.0,-0.25,1.04,1.0,1.25,2.5,-1.0,0.29,0,4.0,206.74,0.0,113.0,4,2,0,0,0,0,3245051547700293476,0,0.0,75,0,0,0,0,0
1,0,1,0,100.0,21.33,0,7,63.58,5.0,553.83,0,0,25,0,0,0,0,1,0,1,0,100.0,21.33,0,7,63.58,5.0,553.83,0,0,25,0,0,0,0,0,0,1,2,263.83,65.33,76.0,0.0,33.33,-0.33,0.38,1.0,1.17,3.0,-1.0,0.05,0,4.0,184.61,-0.33,109.0,3,2,0,0,0.0,0,0,0,0,0,0,0,0,0,0,0,0,0,0,0,25,0,0,0,0,0,0,0,0,0,0,0,0,0,0,0,0,0,0,0,0,0,0,0,0,0,0,0,0,0,0,0,0,0,0,0,0,0,0,0,5000,8528,0.186,1,2,0,0,0,0,263.83,65.33,76.0,0.0,33.33,-0.33,0.38,1.0,1.17,3.0,-1.0,0.05,0,4.0,184.61,-0.33,109.0,3,2,0,0,0,0,3245051547700293476,0,0.0,76,0,0,0,0,0
0,0,0,0,100.0,20.33,0,7,64.11,3.0,556.83,0,0,24,0,0,0,0,0,0,0,0,100.0,20.33,0,7,64.11,3.0,556.83,0,0,24,0,0,0,0,0,0,1,2,267.83,66.33,0,0.0,0.0,-0.33,0.51,1.0,1.17,3.0,-1.0,0.05,0,4.0,185.61,-0.2,105.0,3,2,0,0,0.0,0,0,0,0,0,0,0,0,0,0,0,0,0,0,0,24,0,0,0,0,0,0,0,0,0,0,0,0,0,0,0,0,0,0,0,0,0,0,0,0,0,0,0,0,0,0,0,0,0,0,0,0,0,0,0,5000,8534,0.195,1,2,0,0,0,0,267.83,66.33,0,0.0,0.0,-0.33,0.51,1.0,1.17,3.0,-1.0,0.05,0,4.0,185.61,-0.2,105.0,3,2,0,0,0,0,3245051547700293476,0,0.0,77,0,0,0,0,0
0,0,0,0,100.0,19.33,0,7,64.65,3.0,559.83,0,0,23,0,0,0,0,0,0,0,0,100.0,19.33,0,7,64.65,3.0,559.83,0,0,23,0,0,0,0,0,0,1,2,271.83,67.33,0,0.0,0.0,-0.33,1.04,1.0,1.17,3.0,-1.0,0.05,0,4.0,186.61,0.32,101.0,3,2,0,0,0.0,0,0,0,0,0,0,0,0,0,0,0,0,0,0,0,23,0,0,0,0,0,0,0,0,0,0,0,0,0,0,0,0,0,0,0,0,0,0,0,0,0,0,0,0,0,0,0,0,0,0,0,0,0,0,0,5000,8538,0.203,1,2,0,0,0,0,271.83,67.33,0,0.0,0.0,-0.33,1.04,1.0,1.17,3.0,-1.0,0.05,0,4.0,186.61,0.32,101.0,3,2,0,0,0,0,3245051547700293476,0,0.0,78,0,0,0,0,0
0,0,0,0,100.0,18.33,0,7,65.18,2.0,561.83,0,0,22,0,0,0,0,0,0,0,0,100.0,18.33,0,7,65.18,2.0,561.83,0,0,22,0,0,0,0,0,0,1,2,274.83,68.33,0,0.0,0.0,-0.33,1.05,1.0,1.17,3.0,-1.0,0.05,0,4.0,187.28,0.33,97.0,3,2,0,0,0.0,0,0,0,0,0,0,0,0,0,0,0,0,0,0,0,22,0,0,0,0,0,0,0,0,0,0,0,0,0,0,0,0,0,0,0,0,0,0,0,0,0,0,0,0,0,0,0,0,0,0,0,0,0,0,0,5000,8540,0.211,1,2,0,0,0,0,274.83,68.33,0,0.0,0.0,-0.33,1.05,1.0,1.17,3.0,-1.0,0.05,0,4.0,187.28,0.33,97.0,3,2,0,0,0,0,3245051547700293476,0,0.0,79,0,0,0,0,0
0,0,0,0,100.0,17.33,0,7,65.71,2.0,563.83,0,0,22,0,0,0,0,0,0,0,0,100.0,17.33,0,7,65.71,2.0,563.83,0,0,22,0,0,0,0,0,0,1,2,277.83,69.33,0,0.0,0.0,-0.33,1.05,1.0,1.17,3.0,-1.0,0.05,0,4.0,187.94,0.33,93.0,3,2,0,0,0.0,0,0,0,0,0,0,0,0,0,0,0,0,0,0,0,22,0,0,0,0,0,0,0,0,0,0,0,0,0,0,0,0,0,0,0,0,0,0,0,0,0,0,0,0,0,0,0,0,0,0,0,0,0,0,0,5000,8540,0.219,1,2,0,0,0,0,277.83,69.33,0,0.0,0.0,-0.33,1.05,1.0,1.17,3.0,-1.0,0.05,0,4.0,187.94,0.33,93.0,3,2,0,0,0,0,3245051547700293476,0,0.0,80,0,0,0,0,0
0,0,0,0,100.0,16.33,0,7,66.25,2.0,565.83,0,0,22,0,0,0,0,0,0,0,0,100.0,16.33,0,7,66.25,2.0,565.83,0,0,22,0,0,0,0,0,0,1,2,280.83,70.33,0,0.0,0.0,-0.33,1.05,1.0,1.17,3.0,-1.0,0.05,0,4.0,188.61,0.33,89.0,3,2,0,0,0.0,0,0,0,0,0,0,0,0,0,0,0,0,0,0,0,22,0,0,0,0,0,0,0,0,0,0,0,0,0,0,0,0,0,0,0,0,0,0,0,0,0,0,0,0,0,0,0,0,0,0,0,0,0,0,0,5000,8541,0.226,1,2,0,0,0,0,280.83,70.33,0,0.0,0.0,-0.33,1.05,1.0,1.17,3.0,-1.0,0.05,0,4.0,188.61,0.33,89.0,3,2,0,0,0,0,3245051547700293476,0,0.0,81,0,0,0,0,0
0,0,0,0,100.0,15.33,0,7,67.11,3.0,568.83,0,0,22,0,0,0,0,0,0,0,0,100.0,15.33,0,7,67.11,3.0,568.83,0,0,22,0,0,0,0,0,0,1,2,284.83,71.33,0,0.0,0.0,-0.33,1.05,1.0,1.17,3.0,-1.0,0.05,0,4.0,189.61,0.33,85.0,3,2,0,0,0.0,0,0,0,0,0,0,0,0,0,0,0,0,0,0,0,22,0,0,0,0,0,0,0,0,0,0,0,0,0,0,0,0,0,0,0,0,0,0,0,0,0,0,0,0,0,0,0,0,0,0,0,0,0,0,0,5000,8541,0.234,1,2,0,0,0,0,284.83,71.33,0,0.0,0.0,-0.33,1.05,1.0,1.17,3.0,-1.0,0.05,0,4.0,189.61,0.33,85.0,3,2,0,0,0,0,3245051547700293476,0,0.0,82,0,0,0,0,0
1,0,1,0,100.0,21.5,0,5,97.92,3.0,490.83,0,0,21,0,0,0,0,1,0,1,0,100.0,21.5,0,5,97.92,3.0,490.83,0,0,21,0,0,0,0,0,0,1,2,288.83,67.0,83.0,0.0,50.0,0.0,1.57,1.0,1.25,2.0,-1.0,-0.42,0,4.0,245.42,1.0,202,2,1,0,0,0.0,0,0,0,0,0,0,0,0,0,0,0,0,0,0,0,21,0,0,0,0,0,0,0,0,0,0,0,0,0,0,0,0,0,0,0,0,0,0,0,0,0,0,0,0,0,0,0,0,0,0,0,0,0,0,0,5000,8540,0.088,1,2,0,0,0,0,288.83,67.0,83.0,0.0,50.0,0.0,1.57,1.0,1.25,2.0,-1.0,-0.42,0,4.0,245.42,1.0,202,2,1,0,0,0,0,3245051547700293476,0,0.0,83,0,0,0,0,0
0,0,0,0,100.0,20.5,0,5,99.42,7.0,497.83,0,0,21,0,0,0,0,0,0,0,0,100.0,20.5,0,5,99.42,7.0,497.83,0,0,21,0,0,0,0,0,0,1,2,292.83,68.0,0,0.0,0.0,0.0,0.57,1.0,1.25,2.0,-1.0,-0.42,0,4.0,248.92,0.0,205,2,1,0,0,0.0,0,0,0,0,0,0,0,0,0,0,0,0,0,0,0,21,0,0,0,0,0,0,0,0,0,0,0,0,0,0,0,0,0,0,0,0,0,0,0,0,0,0,0,0,0,0,0,0,0,0,0,0,0,0,0,5000,8545,0.088,1,2,0,0,0,0,292.83,68.0,0,0.0,0.0,0.0,0.57,1.0,1.25,2.0,-1.0,-0.42,0,4.0,248.92,0.0,205,2,1,0,0,0,0,3245051547700293476,0,0.0,84,0,0,0,0,0
0,0,0,0,100.0,19.5,0,5,100.92,7.0,504.83,0,0,21,0,0,0,0,0,0,0,0,100.0,19.5,0,5,100.92,7.0,504.83,0,0,21,0,0,0,0,0,0,1,2,296.83,69.0,0,0.0,0.0,0.0,0.57,1.0,1.25,2.0,-1.0,-0.42,0,4.0,252.42,0.0,208,2,1,0,0,0.0,0,0,0,0,0,0,0,0,0,0,0,0,0,0,0,21,0,0,0,0,0,0,0,0,0,0,0,0,0,0,0,0,0,0,0,0,0,0,0,0,0,0,0,0,0,0,0,0,0,0,0,0,0,0,0,5000,8549,0.088,1,2,0,0,0,0,296.83,69.0,0,0.0,0.0,0.0,0.57,1.0,1.25,2.0,-1.0,-0.42,0,4.0,252.42,0.0,208,2,1,0,0,0,0,3245051547700293476,0,0.0,85,0,0,0,0,0
0,0,0,0,100.0,18.5,0,5,102.42,7.0,511.83,0,0,21,0,0,0,0,0,0,0,0,100.0,18.5,0,5,102.42,7.0,511.83,0,0,21,0,0,0,0,0,0,1,2,300.83,70.0,0,0.0,0.0,0.0,0.57,1.0,1.25,2.0,-1.0,-0.42,0,4.0,255.92,0.0,211,2,1,0,0,0.0,0,0,0,0,0,0,0,0,0,0,0,0,0,0,0,21,0,0,0,0,0,0,0,0,0,0,0,0,0,0,0,0,0,0,0,0,0,0,0,0,0,0,0,0,0,0,0,0,0,0,0,0,0,0,0,5000,8551,0.088,1,2,0,0,0,0,300.83,70.0,0,0.0,0.0,0.0,0.57,1.0,1.25,2.0,-1.0,-0.42,0,4.0,255.92,0.0,211,2,1,0,0,0,0,3245051547700293476,0,0.0,86,0,0,0,0,0
0,0,0,0,100.0,17.5,0,5,103.92,7.0,518.83,0,0,21,0,0,0,0,0,0,0,0,100.0,17.5,0,5,103.92,7.0,518.83,0,0,21,0,0,0,0,0,0,1,2,304.83,71.0,0,0.0,0.0,0.0,0.57,1.0,1.25,2.0,-1.0,-0.42,0,4.0,259.42,0.0,214,2,1,0,0,0.0,0,0,0,0,0,0,0,0,0,0,0,0,0,0,0,21,0,0,0,0,0,0,0,0,0,0,0,0,0,0,0,0,0,0,0,0,0,0,0,0,0,0,0,0,0,0,0,0,0,0,0,0,0,0,0,5000,8551,0.088,1,2,0,0,0,0,304.83,71.0,0,0.0,0.0,0.0,0.57,1.0,1.25,2.0,-1.0,-0.42,0,4.0,259.42,0.0,214,2,1,0,0,0,0,3245051547700293476,0,0.0,87,0,0,0,0,0
0,0,0,0,100.0,16.5,0,5,105.42,7.0,525.83,0,0,21,0,0,0,0,0,0,0,0,100.0,16.5,0,5,105.42,7.0,525.83,0,0,21,0,0,0,0,0,0,1,2,308.83,72.0,0,0.0,0.0,0.0,0.57,1.0,1.25,2.0,-1.0,-0.42,0,4.0,262.92,0.0,217,2,1,0,0,0.0,0,0,0,0,0,0,0,0,0,0,0,0,0,0,0,21,0,0,0,0,0,0,0,0,0,0,0,0,0,0,0,0,0,0,0,0,0,0,0,0,0,0,0,0,0,0,0,0,0,0,0,0,0,0,0,5000,8551,0.087,1,2,0,0,0,0,308.83,72.0,0,0.0,0.0,0.0,0.57,1.0,1.25,2.0,-1.0,-0.42,0,4.0,262.92,0.0,217,2,1,0,0,0,0,3245051547700293476,0,0.0,88,0,0,0,0,0
0,0,0,0,100.0,15.5,0,5,106.92,7.0,532.83,0,0,21,0,0,0,0,0,0,0,0,100.0,15.5,0,5,106.92,7.0,532.83,0,0,21,0,0,0,0,0,0,1,2,312.83,73.0,0,0.0,0.0,0.0,0.57,1.0,1.25,2.0,-1.0,-0.42,0,4.0,266.42,0.0,220,2,1,0,0,0.0,0,0,0,0,0,0,0,0,0,0,0,0,0,0,0,21,0,0,0,0,0,0,0,0,0,0,0,0,0,0,0,0,0,0,0,0,0,0,0,0,0,0,0,0,0,0,0,0,0,0,0,0,0,0,0,5000,8551,0.087,1,2,0,0,0,0,312.83,73.0,0,0.0,0.0,0.0,0.57,1.0,1.25,2.0,-1.0,-0.42,0,4.0,266.42,0.0,220,2,1,0,0,0,0,3245051547700293476,0,0.0,89,0,0,0,0,0
0,0,0,0,100.0,14.5,0,5,108.42,7.0,539.83,0,0,21,0,0,0,0,0,0,0,0,100.0,14.5,0,5,108.42,7.0,539.83,0,0,21,0,0,0,0,0,0,1,2,316.83,74.0,0,0.0,0.0,0.0,0.57,1.0,1.25,2.0,-1.0,-0.42,0,4.0,269.92,0.0,223,2,1,0,0,0.0,0,0,0,0,0,0,0,0,0,0,0,0,0,0,0,21,0,0,0,0,0,0,0,0,0,0,0,0,0,0,0,0,0,0,0,0,0,0,0,0,0,0,0,0,0,0,0,0,0,0,0,0,0,0,0,5000,8551,0.087,1,2,0,0,0,0,316.83,74.0,0,0.0,0.0,0.0,0.57,1.0,1.25,2.0,-1.0,-0.42,0,4.0,269.92,0.0,223,2,1,0,0,0,0,3245051547700293476,0,0.0,90,0,0,0,0,0
0,0,0,0,100.0,13.5,0,5,109.92,7.0,546.83,0,0,21,0,0,0,0,0,0,0,0,100.0,13.5,0,5,109.92,7.0,546.83,0,0,21,0,0,0,0,0,0,1,2,320.83,75.0,0,0.0,0.0,0.0,0.57,1.0,1.25,2.0,-1.0,-0.42,0,4.0,273.42,0.0,226,2,1,0,0,0.0,0,0,0,0,0,0,0,0,0,0,0,0,0,0,0,21,0,0,0,0,0,0,0,0,0,0,0,0,0,0,0,0,0,0,0,0,0,0,0,0,0,0,0,0,0,0,0,0,0,0,0,0,0,0,0,5000,8551,0.087,1,2,0,0,0,0,320.83,75.0,0,0.0,0.0,0.0,0.57,1.0,1.25,2.0,-1.0,-0.42,0,4.0,273.42,0.0,226,2,1,0,0,0,0,3245051547700293476,0,0.0,91,0,0,0,0,0
0,0,0,0,100.0,12.5,0,5,111.42,7.0,553.83,0,0,21,0,0,0,0,0,0,0,0,100.0,12.5,0,5,111.42,7.0,553.83,0,0,21,0,0,0,0,0,0,1,2,324.83,76.0,0,0.0,0.0,0.0,0.57,1.0,1.25,2.0,-1.0,-0.42,0,4.0,276.92,0.0,229,2,1,0,0,0.0,0,0,0,0,0,0,0,0,0,0,0,0,0,0,0,21,0,0,0,0,0,0,0,0,0,0,0,0,0,0,0,0,0,0,0,0,0,0,0,0,0,0,0,0,0,0,0,0,0,0,0,0,0,0,0,5000,8551,0.087,1,2,0,0,0,0,324.83,76.0,0,0.0,0.0,0.0,0.57,1.0,1.25,2.0,-1.0,-0.42,0,4.0,276.92,0.0,229,2,1,0,0,0,0,3245051547700293476,0,0.0,92,0,0,0,0,0
0,0,0,0,100.0,11.5,0,5,112.92,7.0,560.83,0,0,21,0,0,0,0,0,0,0,0,100.0,11.5,0,5,112.92,7.0,560.83,0,0,21,0,0,0,0,0,0,1,2,328.83,77.0,0,0.0,0.0,0.0,0.57,1.0,1.25,2.0,-1.0,-0.42,0,4.0,280.42,0.0,232,2,1,0,0,0.0,0,0,0,0,0,0,0,0,0,0,0,0,0,0,0,21,0,0,0,0,0,0,0,0,0,0,0,0,0,0,0,0,0,0,0,0,0,0,0,0,0,0,0,0,0,0,0,0,0,0,0,0,0,0,0,5000,8551,0.086,1,2,0,0,0,0,328.83,77.0,0,0.0,0.0,0.0,0.57,1.0,1.25,2.0,-1.0,-0.42,0,4.0,280.42,0.0,232,2,1,0,0,0,0,3245051547700293476,0,0.0,93,0,0,0,0,0
0,0,0,0,100.0,10.5,0,5,114.42,7.0,567.83,0,0,21,0,0,0,0,0,0,0,0,100.0,10.5,0,5,114.42,7.0,567.83,0,0,21,0,0,0,0,0,0,1,2,332.83,78.0,0,0.0,0.0,0.0,0.57,1.0,1.25,2.0,-1.0,-0.42,0,4.0,283.92,0.0,235,2,1,0,0,0.0,0,0,0,0,0,0,0,0,0,0,0,0,0,0,0,21,0,0,0,0,0,0,0,0,0,0,0,0,0,0,0,0,0,0,0,0,0,0,0,0,0,0,0,0,0,0,0,0,0,0,0,0,0,0,0,5000,8551,0.086,1,2,0,0,0,0,332.83,78.0,0,0.0,0.0,0.0,0.57,1.0,1.25,2.0,-1.0,-0.42,0,4.0,283.92,0.0,235,2,1,0,0,0,0,3245051547700293476,0,0.0,94,0,0,0,0,0
0,0,0,0,100.0,9.5,0,5,115.92,7.0,574.83,0,0,21,0,0,0,0,0,0,0,0,100.0,9.5,0,5,115.92,7.0,574.83,0,0,21,0,0,0,0,0,0,1,2,336.83,79.0,0,0.0,0.0,0.0,0.57,1.0,1.25,2.0,-1.0,-0.42,0,4.0,287.42,0.0,238,2,1,0,0,0.0,0,0,0,0,0,0,0,0,0,0,0,0,0,0,0,21,0,0,0,0,0,0,0,0,0,0,0,0,0,0,0,0,0,0,0,0,0,0,0,0,0,0,0,0,0,0,0,0,0,0,0,0,0,0,0,5000,8551,0.086,1,2,0,0,0,0,336.83,79.0,0,0.0,0.0,0.0,0.57,1.0,1.25,2.0,-1.0,-0.42,0,4.0,287.42,0.0,238,2,1,0,0,0,0,3245051547700293476,0,0.0,95,0,0,0,0,0
1,0,1,0,100.0,17.0,0,2,160.34,7.0,340.83,0,0,20,0,0,0,0,1,0,1,0,100.0,17.0,0,2,160.34,7.0,340.83,0,0,20,0,0,0,0,0,0,1,1,340.83,64.0,96.0,0.0,100.0,0.0,1.75,1.0,1.0,1.0,-1.0,-0.25,0,4.0,340.83,1.0,340.83,1,1,0,0,0.0,0,0,0,0,0,0,0,0,0,0,0,0,0,0,0,20,0,0,0,0,0,0,0,0,0,0,0,0,0,0,0,0,0,0,0,0,0,0,0,0,0,0,0,0,0,0,0,0,0,0,0,0,0,0,0,5000,8551,0.0,1,1,0,0,0,0,340.83,64.0,96.0,0.0,100.0,0.0,1.75,1.0,1.0,1.0,-1.0,-0.25,0,4.0,340.83,1.0,340.83,1,1,0,0,0,0,3245051547700293476,0,0.0,96,0,0,0,0,0
0,0,0,0,100.0,16.0,0,2,162.34,4.0,344.83,0,0,20,0,0,0,0,0,0,0,0,100.0,16.0,0,2,162.34,4.0,344.83,0,0,20,0,0,0,0,0,0,1,1,344.83,65.0,0,0.0,0.0,0.0,1.75,1.0,1.0,1.0,-1.0,-0.25,0,4.0,344.83,1.0,344.83,1,1,0,0,0.0,0,0,0,0,0,0,0,0,0,0,0,0,0,0,0,20,0,0,0,0,0,0,0,0,0,0,0,0,0,0,0,0,0,0,0,0,0,0,0,0,0,0,0,0,0,0,0,0,0,0,0,0,0,0,0,5000,8557,0.0,1,1,0,0,0,0,344.83,65.0,0,0.0,0.0,0.0,1.75,1.0,1.0,1.0,-1.0,-0.25,0,4.0,344.83,1.0,344.83,1,1,0,0,0,0,3245051547700293476,0,0.0,97,0,0,0,0,0
0,0,0,0,100.0,15.0,0,2,164.34,4.0,348.83,0,0,20,0,0,0,0,0,0,0,0,100.0,15.0,0,2,164.34,4.0,348.83,0,0,20,0,0,0,0,0,0,1,1,348.83,66.0,0,0.0,0.0,0.0,1.75,1.0,1.0,1.0,-1.0,-0.25,0,4.0,348.83,1.0,348.83,1,1,0,0,0.0,0,0,0,0,0,0,0,0,0,0,0,0,0,0,0,20,0,0,0,0,0,0,0,0,0,0,0,0,0,0,0,0,0,0,0,0,0,0,0,0,0,0,0,0,0,0,0,0,0,0,0,0,0,0,0,5000,8561,0.0,1,1,0,0,0,0,348.83,66.0,0,0.0,0.0,0.0,1.75,1.0,1.0,1.0,-1.0,-0.25,0,4.0,348.83,1.0,348.83,1,1,0,0,0,0,3245051547700293476,0,0.0,98,0,0,0,0,0
0,0,0,0,100.0,14.0,0,2,166.34,4.0,352.83,0,0,20,0,0,0,0,0,0,0,0,100.0,14.0,0,2,166.34,4.0,352.83,0,0,20,0,0,0,0,0,0,1,1,352.83,67.0,0,0.0,0.0,0.0,1.75,1.0,1.0,1.0,-1.0,-0.25,0,4.0,352.83,1.0,352.83,1,1,0,0,0.0,0,0,0,0,0,0,0,0,0,0,0,0,0,0,0,20,0,0,0,0,0,0,0,0,0,0,0,0,0,0,0,0,0,0,0,0,0,0,0,0,0,0,0,0,0,0,0,0,0,0,0,0,0,0,0,5000,8563,0.0,1,1,0,0,0,0,352.83,67.0,0,0.0,0.0,0.0,1.75,1.0,1.0,1.0,-1.0,-0.25,0,4.0,352.83,1.0,352.83,1,1,0,0,0,0,3245051547700293476,0,0.0,99,0,0,0,0,0
0,0,0,0,100.0,13.0,0,2,168.34,4.0,356.83,0,0,20,0,0,0,0,0,0,0,0,100.0,13.0,0,2,168.34,4.0,356.83,0,0,20,0,0,0,0,0,0,1,1,356.83,68.0,0,0.0,0.0,0.0,1.75,1.0,1.0,1.0,-1.0,-0.25,0,4.0,356.83,1.0,356.83,1,1,0,0,0.0,0,0,0,0,0,0,0,0,0,0,0,0,0,0,0,20,0,0,0,0,0,0,0,0,0,0,0,0,0,0,0,0,0,0,0,0,0,0,0,0,0,0,0,0,0,0,0,0,0,0,0,0,0,0,0,5000,8564,0.0,1,1,0,0,0,0,356.83,68.0,0,0.0,0.0,0.0,1.75,1.0,1.0,1.0,-1.0,-0.25,0,4.0,356.83,1.0,356.83,1,1,0,0,0,0,3245051547700293476,0,0.0,100,0,0,0,0,0
0,0,0,0,100.0,12.0,0,2,170.34,4.0,360.83,0,0,20,0,0,0,0,0,0,0,0,100.0,12.0,0,2,170.34,4.0,360.83,0,0,20,0,0,0,0,0,0,1,1,360.83,69.0,0,0.0,0.0,0.0,1.75,1.0,1.0,1.0,-1.0,-0.25,0,4.0,360.83,1.0,360.83,1,1,0,0,0.0,0,0,0,0,0,0,0,0,0,0,0,0,0,0,0,20,0,0,0,0,0,0,0,0,0,0,0,0,0,0,0,0,0,0,0,0,0,0,0,0,0,0,0,0,0,0,0,0,0,0,0,0,0,0,0,5000,8564,0.0,1,1,0,0,0,0,360.83,69.0,0,0.0,0.0,0.0,1.75,1.0,1.0,1.0,-1.0,-0.25,0,4.0,360.83,1.0,360.83,1,1,0,0,0,0,3245051547700293476,0,0.0,101,0,0,0,0,0
0,0,0,0,100.0,11.0,0,2,172.34,4.0,364.83,0,0,20,0,0,0,0,0,0,0,0,100.0,11.0,0,2,172.34,4.0,364.83,0,0,20,0,0,0,0,0,0,1,1,364.83,70.0,0,0.0,0.0,0.0,1.75,1.0,1.0,1.0,-1.0,-0.25,0,4.0,364.83,1.0,364.83,1,1,0,0,0.0,0,0,0,0,0,0,0,0,0,0,0,0,0,0,0,20,0,0,0,0,0,0,0,0,0,0,0,0,0,0,0,0,0,0,0,0,0,0,0,0,0,0,0,0,0,0,0,0,0,0,0,0,0,0,0,5000,8564,0.0,1,1,0,0,0,0,364.83,70.0,0,0.0,0.0,0.0,1.75,1.0,1.0,1.0,-1.0,-0.25,0,4.0,364.83,1.0,364.83,1,1,0,0,0,0,3245051547700293476,0,0.0,102,0,0,0,0,0
0,0,0,0,100.0,10.0,0,2,174.34,3.0,367.83,0,0,20,0,0,0,0,0,0,0,0,100.0,10.0,0,2,174.34,3.0,367.83,0,0,20,0,0,0,0,0,0,1,1,367.83,71.0,0,0.0,0.0,0.0,1.75,1.0,1.0,1.0,-1.0,-0.25,0,4.0,367.83,1.0,367.83,1,1,0,0,0.0,0,0,0,0,0,0,0,0,0,0,0,0,0,0,0,20,0,0,0,0,0,0,0,0,0,0,0,0,0,0,0,0,0,0,0,0,0,0,0,0,0,0,0,0,0,0,0,0,0,0,0,0,0,0,0,5000,8565,0.0,1,1,0,0,0,0,367.83,71.0,0,0.0,0.0,0.0,1.75,1.0,1.0,1.0,-1.0,-0.25,0,4.0,367.83,1.0,367.83,1,1,0,0,0,0,3245051547700293476,0,0.0,103,0,0,0,0,0
0,0,0,0,100.0,9.0,0,2,176.34,3.0,370.83,0,0,20,0,0,0,0,0,0,0,0,100.0,9.0,0,2,176.34,3.0,370.83,0,0,20,0,0,0,0,0,0,1,1,370.83,72.0,0,0.0,0.0,0.0,1.75,1.0,1.0,1.0,-1.0,-0.25,0,4.0,370.83,1.0,370.83,1,1,0,0,0.0,0,0,0,0,0,0,0,0,0,0,0,0,0,0,0,20,0,0,0,0,0,0,0,0,0,0,0,0,0,0,0,0,0,0,0,0,0,0,0,0,0,0,0,0,0,0,0,0,0,0,0,0,0,0,0,5000,8566,0.0,1,1,0,0,0,0,370.83,72.0,0,0.0,0.0,0.0,1.75,1.0,1.0,1.0,-1.0,-0.25,0,4.0,370.83,1.0,370.83,1,1,0,0,0,0,3245051547700293476,0,0.0,104,0,0,0,0,0
0,0,0,0,100.0,8.0,0,2,178.34,3.0,373.83,0,0,20,0,0,0,0,0,0,0,0,100.0,8.0,0,2,178.34,3.0,373.83,0,0,20,0,0,0,0,0,0,1,1,373.83,73.0,0,0.0,0.0,0.0,1.75,1.0,1.0,1.0,-1.0,-0.25,0,4.0,373.83,1.0,373.83,1,1,0,0,0.0,0,0,0,0,0,0,0,0,0,0,0,0,0,0,0,20,0,0,0,0,0,0,0,0,0,0,0,0,0,0,0,0,0,0,0,0,0,0,0,0,0,0,0,0,0,0,0,0,0,0,0,0,0,0,0,5000,8567,0.0,1,1,0,0,0,0,373.83,73.0,0,0.0,0.0,0.0,1.75,1.0,1.0,1.0,-1.0,-0.25,0,4.0,373.83,1.0,373.83,1,1,0,0,0,0,3245051547700293476,0,0.0,105,0,0,0,0,0
0,0,0,0,100.0,7.0,0,2,180.34,3.0,376.83,0,0,20,0,0,0,0,0,0,0,0,100.0,7.0,0,2,180.34,3.0,376.83,0,0,20,0,0,0,0,0,0,1,1,376.83,74.0,0,0.0,0.0,0.0,1.75,1.0,1.0,1.0,-1.0,-0.25,0,4.0,376.83,1.0,376.83,1,1,0,0,0.0,0,0,0,0,0,0,0,0,0,0,0,0,0,0,0,20,0,0,0,0,0,0,0,0,0,0,0,0,0,0,0,0,0,0,0,0,0,0,0,0,0,0,0,0,0,0,0,0,0,0,0,0,0,0,0,5000,8567,0.0,1,1,0,0,0,0,376.83,74.0,0,0.0,0.0,0.0,1.75,1.0,1.0,1.0,-1.0,-0.25,0,4.0,376.83,1.0,376.83,1,1,0,0,0,0,3245051547700293476,0,0.0,106,0,0,0,0,0
0,0,0,0,100.0,6.0,0,2,182.34,3.0,379.83,0,0,20,0,0,0,0,0,0,0,0,100.0,6.0,0,2,182.34,3.0,379.83,0,0,20,0,0,0,0,0,0,1,1,379.83,75.0,0,0.0,0.0,0.0,1.75,1.0,1.0,1.0,-1.0,-0.25,0,4.0,379.83,1.0,379.83,1,1,0,0,0.0,0,0,0,0,0,0,0,0,0,0,0,0,0,0,0,20,0,0,0,0,0,0,0,0,0,0,0,0,0,0,0,0,0,0,0,0,0,0,0,0,0,0,0,0,0,0,0,0,0,0,0,0,0,0,0,5000,8567,0.0,1,1,0,0,0,0,379.83,75.0,0,0.0,0.0,0.0,1.75,1.0,1.0,1.0,-1.0,-0.25,0,4.0,379.83,1.0,379.83,1,1,0,0,0,0,3245051547700293476,0,0.0,107,0,0,0,0,0
0,0,0,0,100.0,5.0,0,2,184.34,3.0,382.83,0,0,20,0,0,0,0,0,0,0,0,100.0,5.0,0,2,184.34,3.0,382.83,0,0,20,0,0,0,0,0,0,1,1,382.83,76.0,0,0.0,0.0,0.0,1.75,1.0,1.0,1.0,-1.0,-0.25,0,4.0,382.83,1.0,382.83,1,1,0,0,0.0,0,0,0,0,0,0,0,0,0,0,0,0,0,0,0,20,0,0,0,0,0,0,0,0,0,0,0,0,0,0,0,0,0,0,0,0,0,0,0,0,0,0,0,0,0,0,0,0,0,0,0,0,0,0,0,5000,8567,0.0,1,1,0,0,0,0,382.83,76.0,0,0.0,0.0,0.0,1.75,1.0,1.0,1.0,-1.0,-0.25,0,4.0,382.83,1.0,382.83,1,1,0,0,0,0,3245051547700293476,0,0.0,108,0,0,0,0,0
0,0,0,0,100.0,4.0,0,2,186.34,3.0,385.83,0,0,20,0,0,0,0,0,0,0,0,100.0,4.0,0,2,186.34,3.0,385.83,0,0,20,0,0,0,0,0,0,1,1,385.83,77.0,0,0.0,0.0,0.0,1.75,1.0,1.0,1.0,-1.0,-0.25,0,4.0,385.83,1.0,385.83,1,1,0,0,0.0,0,0,0,0,0,0,0,0,0,0,0,0,0,0,0,20,0,0,0,0,0,0,0,0,0,0,0,0,0,0,0,0,0,0,0,0,0,0,0,0,0,0,0,0,0,0,0,0,0,0,0,0,0,0,0,5000,8567,0.0,1,1,0,0,0,0,385.83,77.0,0,0.0,0.0,0.0,1.75,1.0,1.0,1.0,-1.0,-0.25,0,4.0,385.83,1.0,385.83,1,1,0,0,0,0,3245051547700293476,0,0.0,109,0,0,0,0,0
0,0,0,0,100.0,3.0,0,2,188.34,4.0,389.83,0,0,20,0,0,0,0,0,0,0,0,100.0,3.0,0,2,188.34,4.0,389.83,0,0,20,0,0,0,0,0,0,1,1,389.83,78.0,0,0.0,0.0,0.0,1.75,1.0,1.0,1.0,-1.0,-0.25,0,4.0,389.83,1.0,389.83,1,1,0,0,0.0,0,0,0,0,0,0,0,0,0,0,0,0,0,0,0,20,0,0,0,0,0,0,0,0,0,0,0,0,0,0,0,0,0,0,0,0,0,0,0,0,0,0,0,0,0,0,0,0,0,0,0,0,0,0,0,5000,8566,0.0,1,1,0,0,0,0,389.83,78.0,0,0.0,0.0,0.0,1.75,1.0,1.0,1.0,-1.0,-0.25,0,4.0,389.83,1.0,389.83,1,1,0,0,0,0,3245051547700293476,0,0.0,110,0,0,0,0,0
0,0,0,0,100.0,2.0,0,2,190.34,4.0,393.83,0,0,20,0,0,0,0,0,0,0,0,100.0,2.0,0,2,190.34,4.0,393.83,0,0,20,0,0,0,0,0,0,1,1,393.83,79.0,0,0.0,0.0,0.0,1.75,1.0,1.0,1.0,-1.0,-0.25,0,4.0,393.83,1.0,393.83,1,1,0,0,0.0,0,0,0,0,0,0,0,0,0,0,0,0,0,0,0,20,0,0,0,0,0,0,0,0,0,0,0,0,0,0,0,0,0,0,0,0,0,0,0,0,0,0,0,0,0,0,0,0,0,0,0,0,0,0,0,5000,8565,0.0,1,1,0,0,0,0,393.83,79.0,0,0.0,0.0,0.0,1.75,1.0,1.0,1.0,-1.0,-0.25,0,4.0,393.83,1.0,393.83,1,1,0,0,0,0,3245051547700293476,0,0.0,111,0,0,0,0,0
0,0,0,0,100.0,1.0,0,2,192.34,4.0,397.83,0,0,20,0,0,0,0,0,0,0,0,100.0,1.0,0,2,192.34,4.0,397.83,0,0,20,0,0,0,0,0,0,1,1,397.83,80.0,0,0.0,0.0,0.0,1.75,1.0,1.0,1.0,-1.0,-0.25,0,4.0,397.83,1.0,397.83,1,1,0,0,0.0,0,0,0,0,0,0,0,0,0,0,0,0,0,0,0,20,0,0,0,0,0,0,0,0,0,0,0,0,0,0,0,0,0,0,0,0,0,0,0,0,0,0,0,0,0,0,0,0,0,0,0,0,0,0,0,5000,8564,0.0,1,1,0,0,0,0,397.83,80.0,0,0.0,0.0,0.0,1.75,1.0,1.0,1.0,-1.0,-0.25,0,4.0,397.83,1.0,397.83,1,1,0,0,0,0,3245051547700293476,0,0.0,112,0,0,0,0,0
1,0,1,0,1,0,0,0,0,4.0,0,0,0,19,0,0,0,0,1,0,1,0,1,0,0,0,0,4.0,0,0,0,19,0,0,0,0,0,0,0,0,0,0,81.0,0,0,0,0,0,0,0,0,0,0,0,0,0,0,0,0,0,0,0,0,0,0,0,0,0,0,0,0,0,0,0,0,0,0,19,0,0,0,0,0,0,0,0,0,0,0,0,0,0,0,0,0,0,0,0,0,0,0,0,0,0,0,0,0,0,0,0,0,0,0,0,0,0,0,5000,8564,0,0,0,0,0,0,0,0,0,81.0,0,0,0,0,0,0,0,0,0,0,0,0,0,0,0,0,0,0,0,0,3245051547700293476,0,0,113,0,0,0,0,0
